ts_unix,alg_family,sig_alg,kem_alg,seq,nonce,hello_stanza_bytes,response_stanza_bytes,kem_keygen_time_ms,sign_time_ms,decaps_time_ms,rtt_ms,shared_secret_match,ok,verify_mode,cert_fingerprint_sha256,cert_bytes
1771953691.8543684,ML-DSA,ML-DSA-65,ML-KEM-768,1,ML-DSA-1-1771953691818638472,16804,2022,0.8980620000329509,1.3049009999122063,0.1334409998889896,27.23620100005064,1,1,cert,accf9b5e8252b4736e4c8bbe2b47f23750a3720d39d890bd92407b7b5069e2d3,10233
1771953691.980855,ML-DSA,ML-DSA-65,ML-KEM-768,2,ML-DSA-2-1771953691905320366,16804,2022,0.12277399991944549,0.11423600017224089,0.03452000009929179,74.48454400037008,1,1,cert,accf9b5e8252b4736e4c8bbe2b47f23750a3720d39d890bd92407b7b5069e2d3,10233
1771953692.1007183,ML-DSA,ML-DSA-65,ML-KEM-768,3,ML-DSA-3-1771953692032284729,16804,2022,0.06455899983848212,0.1415859996996005,0.05724699985876214,67.45051200005037,1,1,cert,accf9b5e8252b4736e4c8bbe2b47f23750a3720d39d890bd92407b7b5069e2d3,10233
1771953692.2203918,ML-DSA,ML-DSA-65,ML-KEM-768,4,ML-DSA-4-1771953692151478226,16804,2022,0.099251999927219,0.13541999987864983,0.039444999856641516,67.92489600002227,1,1,cert,accf9b5e8252b4736e4c8bbe2b47f23750a3720d39d890bd92407b7b5069e2d3,10233
1771953692.3554034,ML-DSA,ML-DSA-65,ML-KEM-768,5,ML-DSA-5-1771953692272508671,16804,2022,0.2514449997761403,0.4419080000843678,0.11497899959067581,79.49400699999387,1,1,cert,accf9b5e8252b4736e4c8bbe2b47f23750a3720d39d890bd92407b7b5069e2d3,10233
1771953692.495302,ML-DSA,ML-DSA-65,ML-KEM-768,6,ML-DSA-6-1771953692407467835,16804,2022,0.31711399969935883,0.4681679997702304,0.12558800017359317,84.84111899997515,1,1,cert,accf9b5e8252b4736e4c8bbe2b47f23750a3720d39d890bd92407b7b5069e2d3,10233
1771953692.623227,ML-DSA,ML-DSA-65,ML-KEM-768,7,ML-DSA-7-1771953692547118858,16804,2022,0.20511999991867924,0.2768899998955021,0.04604200012181536,74.19520199982799,1,1,cert,accf9b5e8252b4736e4c8bbe2b47f23750a3720d39d890bd92407b7b5069e2d3,10233
1771953692.7521865,ML-DSA,ML-DSA-65,ML-KEM-768,8,ML-DSA-8-1771953692674606114,16804,2022,0.057238000408688094,1.5330989999711164,0.044549999984155875,74.67794600006528,1,1,cert,accf9b5e8252b4736e4c8bbe2b47f23750a3720d39d890bd92407b7b5069e2d3,10233
1771953692.829606,ML-DSA,ML-DSA-65,ML-KEM-768,9,ML-DSA-9-1771953692803685202,16804,2022,0.09547799982101424,0.25295800014646375,0.0384599998142221,24.7860069998751,1,1,cert,accf9b5e8252b4736e4c8bbe2b47f23750a3720d39d890bd92407b7b5069e2d3,10233
1771953692.9507341,ML-DSA,ML-DSA-65,ML-KEM-768,10,ML-DSA-10-1771953692881058122,16806,2024,0.07905699976618052,0.22111599992058473,0.03476000028967974,68.67767499988986,1,1,cert,accf9b5e8252b4736e4c8bbe2b47f23750a3720d39d890bd92407b7b5069e2d3,10233
1771953693.083915,ML-DSA,ML-DSA-65,ML-KEM-768,11,ML-DSA-11-1771953693002067769,16806,2024,0.09394500011694618,0.4110039999432047,0.11023200022464152,80.07962800002133,1,1,cert,accf9b5e8252b4736e4c8bbe2b47f23750a3720d39d890bd92407b7b5069e2d3,10233
1771953693.214702,ML-DSA,ML-DSA-65,ML-KEM-768,12,ML-DSA-12-1771953693134794281,16806,2024,0.11927600007766159,1.020451999920624,0.04147300023760181,76.44663100018079,1,1,cert,accf9b5e8252b4736e4c8bbe2b47f23750a3720d39d890bd92407b7b5069e2d3,10233
1771953693.3533819,ML-DSA,ML-DSA-65,ML-KEM-768,13,ML-DSA-13-1771953693265978924,16806,2024,0.2506669998183497,1.5460439999515074,0.04227299996273359,83.76104500030124,1,1,cert,accf9b5e8252b4736e4c8bbe2b47f23750a3720d39d890bd92407b7b5069e2d3,10233
1771953693.4920084,ML-DSA,ML-DSA-65,ML-KEM-768,14,ML-DSA-14-1771953693405382461,16806,2024,0.2517749999242369,2.84336999993684,0.08865700010574074,81.28997899984824,1,1,cert,accf9b5e8252b4736e4c8bbe2b47f23750a3720d39d890bd92407b7b5069e2d3,10233
1771953693.6372523,ML-DSA,ML-DSA-65,ML-KEM-768,15,ML-DSA-15-1771953693543814891,16806,2024,0.22070000022722525,0.6194799998411327,0.1982060002774233,89.94367700006478,1,1,cert,accf9b5e8252b4736e4c8bbe2b47f23750a3720d39d890bd92407b7b5069e2d3,10233
1771953693.7608676,ML-DSA,ML-DSA-65,ML-KEM-768,16,ML-DSA-16-1771953693689295694,16806,2024,0.07007199974395917,0.14736499997525243,0.03456900003584451,70.70688900012101,1,1,cert,accf9b5e8252b4736e4c8bbe2b47f23750a3720d39d890bd92407b7b5069e2d3,10233
1771953693.8944118,ML-DSA,ML-DSA-65,ML-KEM-768,17,ML-DSA-17-1771953693812320562,16806,2024,0.05972300004941644,0.14832600027148146,0.06757199980711448,80.99493100007749,1,1,cert,accf9b5e8252b4736e4c8bbe2b47f23750a3720d39d890bd92407b7b5069e2d3,10233
1771953694.0393734,ML-DSA,ML-DSA-65,ML-KEM-768,18,ML-DSA-18-1771953693946219997,16806,2024,0.2463460000399209,0.8116460003293469,0.3870890000143845,88.73677200017482,1,1,cert,accf9b5e8252b4736e4c8bbe2b47f23750a3720d39d890bd92407b7b5069e2d3,10233
1771953694.1711702,ML-DSA,ML-DSA-65,ML-KEM-768,19,ML-DSA-19-1771953694091367477,16806,2024,0.19419999989622738,1.3085989999126468,0.06539000014527119,76.77498800012472,1,1,cert,accf9b5e8252b4736e4c8bbe2b47f23750a3720d39d890bd92407b7b5069e2d3,10233
1771953694.2908146,ML-DSA,ML-DSA-65,ML-KEM-768,20,ML-DSA-20-1771953694222631845,16806,2024,0.10164700006498606,0.24971800030471059,0.0696330002938339,66.86867600001278,1,1,cert,accf9b5e8252b4736e4c8bbe2b47f23750a3720d39d890bd92407b7b5069e2d3,10233
1771953694.4313037,ML-DSA,ML-DSA-65,ML-KEM-768,21,ML-DSA-21-1771953694342411866,16806,2024,0.17017899972415762,1.7467540001234738,0.24414500012426288,84.09958599986567,1,1,cert,accf9b5e8252b4736e4c8bbe2b47f23750a3720d39d890bd92407b7b5069e2d3,10233
1771953694.5666423,ML-DSA,ML-DSA-65,ML-KEM-768,22,ML-DSA-22-1771953694482347885,16806,2024,0.10797999993883423,0.2672580003491021,0.13922500011176453,82.51917500001582,1,1,cert,accf9b5e8252b4736e4c8bbe2b47f23750a3720d39d890bd92407b7b5069e2d3,10233
1771953694.7090847,ML-DSA,ML-DSA-65,ML-KEM-768,23,ML-DSA-23-1771953694618764389,16806,2024,0.23517700037700706,1.2249459996382939,0.24111199991239118,85.0223479997112,1,1,cert,accf9b5e8252b4736e4c8bbe2b47f23750a3720d39d890bd92407b7b5069e2d3,10233
1771953694.8607907,ML-DSA,ML-DSA-65,ML-KEM-768,24,ML-DSA-24-1771953694761340659,16806,2024,0.30934500000512344,1.341876999958913,0.24338299999726587,94.26709099989239,1,1,cert,accf9b5e8252b4736e4c8bbe2b47f23750a3720d39d890bd92407b7b5069e2d3,10233
1771953695.0145977,ML-DSA,ML-DSA-65,ML-KEM-768,25,ML-DSA-25-1771953694913321341,16806,2024,0.32080999972095015,1.2331570001151704,0.2258700001220859,95.92687099984687,1,1,cert,accf9b5e8252b4736e4c8bbe2b47f23750a3720d39d890bd92407b7b5069e2d3,10233
1771953695.144396,ML-DSA,ML-DSA-65,ML-KEM-768,26,ML-DSA-26-1771953695066080379,16806,2024,0.2725260001170682,0.8191749998331943,0.11434499992901692,74.78221700012,1,1,cert,accf9b5e8252b4736e4c8bbe2b47f23750a3720d39d890bd92407b7b5069e2d3,10233
1771953695.2899876,ML-DSA,ML-DSA-65,ML-KEM-768,27,ML-DSA-27-1771953695195768363,16806,2024,0.2923359998021624,0.8821779997560952,0.08078300015768036,90.45798099987223,1,1,cert,accf9b5e8252b4736e4c8bbe2b47f23750a3720d39d890bd92407b7b5069e2d3,10233
1771953695.4336543,ML-DSA,ML-DSA-65,ML-KEM-768,28,ML-DSA-28-1771953695342068367,16806,2024,0.28171400026621995,0.8016729998416849,0.03947300001527765,88.09792300007757,1,1,cert,accf9b5e8252b4736e4c8bbe2b47f23750a3720d39d890bd92407b7b5069e2d3,10233
1771953695.5634649,ML-DSA,ML-DSA-65,ML-KEM-768,29,ML-DSA-29-1771953695484639489,16806,2024,0.2816920000441314,1.330637000137358,0.08449300003121607,74.7241900003246,1,1,cert,accf9b5e8252b4736e4c8bbe2b47f23750a3720d39d890bd92407b7b5069e2d3,10233
1771953695.7095025,ML-DSA,ML-DSA-65,ML-KEM-768,30,ML-DSA-30-1771953695614775463,16806,2024,0.22187900003700634,1.351360000171553,0.17341700004180893,90.53085100003955,1,1,cert,accf9b5e8252b4736e4c8bbe2b47f23750a3720d39d890bd92407b7b5069e2d3,10233
1771953696.2657824,SPHINCS,SPHINCS+-SHA2-128s-simple,ML-KEM-768,1,SPHINCS-1-1771953695996486583,23878,2024,0.051202000122430036,190.25824499976807,0.13083099975119694,77.82734300008087,1,1,cert,7c8eff825c2764d58b99d3102f3861efa690b6739b766d119f6d5df49f1432cb,11225
1771953696.5564811,SPHINCS,SPHINCS+-SHA2-128s-simple,ML-KEM-768,2,SPHINCS-2-1771953696317507671,23878,2024,0.08404200025324826,163.0476440000166,0.2181959998779348,74.06511999988652,1,1,cert,7c8eff825c2764d58b99d3102f3861efa690b6739b766d119f6d5df49f1432cb,11225
1771953696.3610945,SPHINCS,SPHINCS+-SHA2-128s-simple,ML-KEM-768,3,SPHINCS-3-1771953696608854652,23878,2024,0.3181340002811339,298.6745289999817,0.16438900001958245,76.97914100026537,1,1,cert,7c8eff825c2764d58b99d3102f3861efa690b6739b766d119f6d5df49f1432cb,11225
1771953696.6743834,SPHINCS,SPHINCS+-SHA2-128s-simple,ML-KEM-768,4,SPHINCS-4-1771953696413651210,23878,2024,0.19769799973801128,180.9912430003351,0.17676200013738708,77.8623979999793,1,1,cert,7c8eff825c2764d58b99d3102f3861efa690b6739b766d119f6d5df49f1432cb,11225
1771953697.0236862,SPHINCS,SPHINCS+-SHA2-128s-simple,ML-KEM-768,5,SPHINCS-5-1771953696726238927,23878,2024,0.08829800026433077,215.98846799997773,0.1667380001890706,80.02767900006802,1,1,cert,7c8eff825c2764d58b99d3102f3861efa690b6739b766d119f6d5df49f1432cb,11225
1771953697.3534899,SPHINCS,SPHINCS+-SHA2-128s-simple,ML-KEM-768,6,SPHINCS-6-1771953697075035394,23878,2024,0.19914299991796724,184.97003000038603,0.24079300010271254,90.98327000037898,1,1,cert,7c8eff825c2764d58b99d3102f3861efa690b6739b766d119f6d5df49f1432cb,11225
1771953697.7746654,SPHINCS,SPHINCS+-SHA2-128s-simple,ML-KEM-768,7,SPHINCS-7-1771953697405744794,23878,2024,0.4376719998617773,278.78593700006604,0.031024999771034345,88.59576499980903,1,1,cert,7c8eff825c2764d58b99d3102f3861efa690b6739b766d119f6d5df49f1432cb,11225
1771953698.0692327,SPHINCS,SPHINCS+-SHA2-128s-simple,ML-KEM-768,8,SPHINCS-8-1771953697826125072,23878,2024,0.07511499961765367,166.46847700030776,0.1534719999654044,75.23018700021566,1,1,cert,7c8eff825c2764d58b99d3102f3861efa690b6739b766d119f6d5df49f1432cb,11225
1771953698.3950167,SPHINCS,SPHINCS+-SHA2-128s-simple,ML-KEM-768,9,SPHINCS-9-1771953698121621427,23878,2024,0.26789100002133637,187.6663439998083,0.18414099986330257,83.59176000021762,1,1,cert,7c8eff825c2764d58b99d3102f3861efa690b6739b766d119f6d5df49f1432cb,11225
1771953698.771208,SPHINCS,SPHINCS+-SHA2-128s-simple,ML-KEM-768,10,SPHINCS-10-1771953698447214312,23880,2026,0.19154800020260154,233.3196700001281,0.24379399974350235,87.97885600006339,1,1,cert,7c8eff825c2764d58b99d3102f3861efa690b6739b766d119f6d5df49f1432cb,11225
1771953699.1912808,SPHINCS,SPHINCS+-SHA2-128s-simple,ML-KEM-768,11,SPHINCS-11-1771953698823678274,23880,2026,0.4164259999015485,276.75469299992983,0.05984900008115801,88.86424800039094,1,1,cert,7c8eff825c2764d58b99d3102f3861efa690b6739b766d119f6d5df49f1432cb,11225
1771953699.5217636,SPHINCS,SPHINCS+-SHA2-128s-simple,ML-KEM-768,12,SPHINCS-12-1771953699243389572,23880,2026,0.29754700017292635,195.2986599999349,0.1353369998469134,81.12991600000896,1,1,cert,7c8eff825c2764d58b99d3102f3861efa690b6739b766d119f6d5df49f1432cb,11225
1771953699.8481584,SPHINCS,SPHINCS+-SHA2-128s-simple,ML-KEM-768,13,SPHINCS-13-1771953699573831137,23880,2026,0.30109999988781055,190.95814100001007,0.23300899965761346,80.70900299981076,1,1,cert,7c8eff825c2764d58b99d3102f3861efa690b6739b766d119f6d5df49f1432cb,11225
1771953700.1861608,SPHINCS,SPHINCS+-SHA2-128s-simple,ML-KEM-768,14,SPHINCS-14-1771953699900617161,23880,2026,0.16923199973462033,206.6091920000872,0.14085700013310998,77.23178900005223,1,1,cert,7c8eff825c2764d58b99d3102f3861efa690b6739b766d119f6d5df49f1432cb,11225
1771953700.5119555,SPHINCS,SPHINCS+-SHA2-128s-simple,ML-KEM-768,15,SPHINCS-15-1771953700238557340,23880,2026,0.2826240001922997,196.8266520002544,0.1753889996507496,74.32509499994921,1,1,cert,7c8eff825c2764d58b99d3102f3861efa690b6739b766d119f6d5df49f1432cb,11225
1771953700.826886,SPHINCS,SPHINCS+-SHA2-128s-simple,ML-KEM-768,16,SPHINCS-16-1771953700563252672,23880,2026,0.07365800001934986,174.723979999726,0.16287600010400638,87.37590700002329,1,1,cert,7c8eff825c2764d58b99d3102f3861efa690b6739b766d119f6d5df49f1432cb,11225
1771953701.1587973,SPHINCS,SPHINCS+-SHA2-128s-simple,ML-KEM-768,17,SPHINCS-17-1771953700879045226,23880,2026,0.30591899985665805,186.87331900036952,0.45223300003272016,89.60820699985561,1,1,cert,7c8eff825c2764d58b99d3102f3861efa690b6739b766d119f6d5df49f1432cb,11225
1771953701.4761593,SPHINCS,SPHINCS+-SHA2-128s-simple,ML-KEM-768,18,SPHINCS-18-1771953701211286335,23880,2026,0.3171610001118097,178.61512600029528,0.1358750000690634,84.20173299964517,1,1,cert,7c8eff825c2764d58b99d3102f3861efa690b6739b766d119f6d5df49f1432cb,11225
1771953701.8370507,SPHINCS,SPHINCS+-SHA2-128s-simple,ML-KEM-768,19,SPHINCS-19-1771953701528384713,23880,2026,0.365998000233958,221.28063699983613,0.5998730002829689,84.45573200015133,1,1,cert,7c8eff825c2764d58b99d3102f3861efa690b6739b766d119f6d5df49f1432cb,11225
1771953702.1602962,SPHINCS,SPHINCS+-SHA2-128s-simple,ML-KEM-768,20,SPHINCS-20-1771953701889214852,23880,2026,0.24588599990238436,188.84311500005424,0.0706390001141699,80.5180659999678,1,1,cert,7c8eff825c2764d58b99d3102f3861efa690b6739b766d119f6d5df49f1432cb,11225
1771953702.4645007,SPHINCS,SPHINCS+-SHA2-128s-simple,ML-KEM-768,21,SPHINCS-21-1771953702212015627,23880,2026,0.13428199963527732,170.95170499987944,0.18241299994770088,79.70806999992419,1,1,cert,7c8eff825c2764d58b99d3102f3861efa690b6739b766d119f6d5df49f1432cb,11225
1771953702.7997038,SPHINCS,SPHINCS+-SHA2-128s-simple,ML-KEM-768,22,SPHINCS-22-1771953702516593154,23880,2026,0.27985899987470475,189.74492799998188,0.2452589997119503,91.4987630003452,1,1,cert,7c8eff825c2764d58b99d3102f3861efa690b6739b766d119f6d5df49f1432cb,11225
1771953703.1366754,SPHINCS,SPHINCS+-SHA2-128s-simple,ML-KEM-768,23,SPHINCS-23-1771953702851700293,23880,2026,0.15983700041033444,210.92236899994532,0.055125000017142156,72.98883199973716,1,1,cert,7c8eff825c2764d58b99d3102f3861efa690b6739b766d119f6d5df49f1432cb,11225
1771953703.4208927,SPHINCS,SPHINCS+-SHA2-128s-simple,ML-KEM-768,24,SPHINCS-24-1771953703188003872,23880,2026,0.07337999977607979,157.11553500023,0.1595019998603675,74.43635100025858,1,1,cert,7c8eff825c2764d58b99d3102f3861efa690b6739b766d119f6d5df49f1432cb,11225
1771953703.7483082,SPHINCS,SPHINCS+-SHA2-128s-simple,ML-KEM-768,25,SPHINCS-25-1771953703473541555,23880,2026,0.28423100002328283,188.16137799967692,0.3420540001570771,84.12476700004845,1,1,cert,7c8eff825c2764d58b99d3102f3861efa690b6739b766d119f6d5df49f1432cb,11225
1771953704.088701,SPHINCS,SPHINCS+-SHA2-128s-simple,ML-KEM-768,26,SPHINCS-26-1771953703800408872,23880,2026,0.38635900000372203,196.95833800005857,0.449679999746877,88.76449900026273,1,1,cert,7c8eff825c2764d58b99d3102f3861efa690b6739b766d119f6d5df49f1432cb,11225
1771953704.4653494,SPHINCS,SPHINCS+-SHA2-128s-simple,ML-KEM-768,27,SPHINCS-27-1771953704141256484,23880,2026,0.3091370003858174,237.73591700000907,0.18461099989508511,83.80268899963994,1,1,cert,7c8eff825c2764d58b99d3102f3861efa690b6739b766d119f6d5df49f1432cb,11225
1771953704.7592192,SPHINCS,SPHINCS+-SHA2-128s-simple,ML-KEM-768,28,SPHINCS-28-1771953704517356933,23880,2026,0.10849999989659409,168.18459500018434,0.09287300008509192,72.5879469996471,1,1,cert,7c8eff825c2764d58b99d3102f3861efa690b6739b766d119f6d5df49f1432cb,11225
1771953705.1030488,SPHINCS,SPHINCS+-SHA2-128s-simple,ML-KEM-768,29,SPHINCS-29-1771953704810996761,23880,2026,0.1891440001600131,206.94544599973597,0.15661699990232592,83.30306200014093,1,1,cert,7c8eff825c2764d58b99d3102f3861efa690b6739b766d119f6d5df49f1432cb,11225
1771953705.4155252,SPHINCS,SPHINCS+-SHA2-128s-simple,ML-KEM-768,30,SPHINCS-30-1771953705154508466,23880,2026,0.05503100010173512,181.98249299985036,0.03678600023704348,78.36952799971186,1,1,cert,7c8eff825c2764d58b99d3102f3861efa690b6739b766d119f6d5df49f1432cb,11225
1772296969.776806,ML-DSA,ML-DSA-65,ML-KEM-768,1,ML-DSA-1-1772296969754827271,16804,2022,0.13351500001590466,0.13395700079854578,0.06581700017704861,21.0665450003944,1,1,cert,8bb44213c6899185c2a1a4ce7c807e0ffda9ef5b078b3f6eeb0555ca98cfd0fb,10233
1772296969.8999383,ML-DSA,ML-DSA-65,ML-KEM-768,2,ML-DSA-2-1772296969827662171,16804,2022,0.2644180003699148,1.274797999940347,0.042317999941587914,69.39527699978498,1,1,cert,8bb44213c6899185c2a1a4ce7c807e0ffda9ef5b078b3f6eeb0555ca98cfd0fb,10233
1772296970.0164022,ML-DSA,ML-DSA-65,ML-KEM-768,3,ML-DSA-3-1772296969950381818,16804,2022,0.05286699979478726,0.13569700058724266,0.039057999856595416,65.27080800060503,1,1,cert,8bb44213c6899185c2a1a4ce7c807e0ffda9ef5b078b3f6eeb0555ca98cfd0fb,10233
1772296970.1493745,ML-DSA,ML-DSA-65,ML-KEM-768,4,ML-DSA-4-1772296970067071407,16804,2022,0.15332800012402004,0.3749409997908515,0.05572499958361732,80.36237999931473,1,1,cert,8bb44213c6899185c2a1a4ce7c807e0ffda9ef5b078b3f6eeb0555ca98cfd0fb,10233
1772296970.2859206,ML-DSA,ML-DSA-65,ML-KEM-768,5,ML-DSA-5-1772296970200720645,16804,2022,0.2865010001187329,1.7782320001060725,0.07221599935292033,80.7764480005062,1,1,cert,8bb44213c6899185c2a1a4ce7c807e0ffda9ef5b078b3f6eeb0555ca98cfd0fb,10233
1772296970.415914,ML-DSA,ML-DSA-65,ML-KEM-768,6,ML-DSA-6-1772296970336329181,16804,2022,0.05215799956204137,0.2637389998199069,0.02831799974956084,78.75237600001128,1,1,cert,8bb44213c6899185c2a1a4ce7c807e0ffda9ef5b078b3f6eeb0555ca98cfd0fb,10233
1772296970.536213,ML-DSA,ML-DSA-65,ML-KEM-768,7,ML-DSA-7-1772296970466146119,16804,2022,0.049880999540619086,0.2563289999670815,0.026514000637689605,69.2140629998903,1,1,cert,8bb44213c6899185c2a1a4ce7c807e0ffda9ef5b078b3f6eeb0555ca98cfd0fb,10233
1772296970.657509,ML-DSA,ML-DSA-65,ML-KEM-768,8,ML-DSA-8-1772296970586564971,16804,2022,0.06873400070617208,0.18016500052908668,0.03602700053306762,69.54244600001402,1,1,cert,8bb44213c6899185c2a1a4ce7c807e0ffda9ef5b078b3f6eeb0555ca98cfd0fb,10233
1772296970.776049,ML-DSA,ML-DSA-65,ML-KEM-768,9,ML-DSA-9-1772296970708073042,16804,2022,0.05269900066195987,0.16866599980858155,0.031179999496089295,67.25502500012226,1,1,cert,8bb44213c6899185c2a1a4ce7c807e0ffda9ef5b078b3f6eeb0555ca98cfd0fb,10233
1772296970.8968546,ML-DSA,ML-DSA-65,ML-KEM-768,10,ML-DSA-10-1772296970826544448,16806,2024,0.05542599956243066,0.3309209996587015,0.058259000070393085,69.33929699971486,1,1,cert,8bb44213c6899185c2a1a4ce7c807e0ffda9ef5b078b3f6eeb0555ca98cfd0fb,10233
1772296971.0277753,ML-DSA,ML-DSA-65,ML-KEM-768,11,ML-DSA-11-1772296970947557161,16806,2024,0.055440999858547,0.0817279997136211,0.2364370002396754,78.28901799985033,1,1,cert,8bb44213c6899185c2a1a4ce7c807e0ffda9ef5b078b3f6eeb0555ca98cfd0fb,10233
1772296971.156704,ML-DSA,ML-DSA-65,ML-KEM-768,12,ML-DSA-12-1772296971079369063,16806,2024,0.2136309994966723,0.6257690001802985,0.029692999305552803,74.71859700035566,1,1,cert,8bb44213c6899185c2a1a4ce7c807e0ffda9ef5b078b3f6eeb0555ca98cfd0fb,10233
1772296971.2774231,ML-DSA,ML-DSA-65,ML-KEM-768,13,ML-DSA-13-1772296971207438413,16806,2024,0.13029299952904694,0.3864699992845999,0.060725000366801396,67.97980900046241,1,1,cert,8bb44213c6899185c2a1a4ce7c807e0ffda9ef5b078b3f6eeb0555ca98cfd0fb,10233
1772296971.3971379,ML-DSA,ML-DSA-65,ML-KEM-768,14,ML-DSA-14-1772296971327991693,16806,2024,0.05053099994256627,0.2962869994007633,0.046891000238247216,67.858406000596,1,1,cert,8bb44213c6899185c2a1a4ce7c807e0ffda9ef5b078b3f6eeb0555ca98cfd0fb,10233
1772296971.5166893,ML-DSA,ML-DSA-65,ML-KEM-768,15,ML-DSA-15-1772296971447914971,16806,2024,0.05814900032419246,0.12169399997219443,0.04563200036500348,67.95021600009932,1,1,cert,8bb44213c6899185c2a1a4ce7c807e0ffda9ef5b078b3f6eeb0555ca98cfd0fb,10233
1772296971.6364596,ML-DSA,ML-DSA-65,ML-KEM-768,16,ML-DSA-16-1772296971567334200,16806,2024,0.05251100083114579,0.12929599961353233,0.030777999199926853,68.43974799994612,1,1,cert,8bb44213c6899185c2a1a4ce7c807e0ffda9ef5b078b3f6eeb0555ca98cfd0fb,10233
1772296971.7574131,ML-DSA,ML-DSA-65,ML-KEM-768,17,ML-DSA-17-1772296971686764380,16806,2024,0.053048000154376496,0.07843000003049383,0.054384000577556435,69.79705000048853,1,1,cert,8bb44213c6899185c2a1a4ce7c807e0ffda9ef5b078b3f6eeb0555ca98cfd0fb,10233
1772296971.894576,ML-DSA,ML-DSA-65,ML-KEM-768,18,ML-DSA-18-1772296971808340004,16806,2024,0.25965500026359223,1.272495000193885,0.2762560006885906,81.60385100018175,1,1,cert,8bb44213c6899185c2a1a4ce7c807e0ffda9ef5b078b3f6eeb0555ca98cfd0fb,10233
1772296972.0167215,ML-DSA,ML-DSA-65,ML-KEM-768,19,ML-DSA-19-1772296971945665323,16806,2024,0.052878999667882454,0.20281600063754013,0.08402399998885812,69.60234200050763,1,1,cert,8bb44213c6899185c2a1a4ce7c807e0ffda9ef5b078b3f6eeb0555ca98cfd0fb,10233
1772296972.1377509,ML-DSA,ML-DSA-65,ML-KEM-768,20,ML-DSA-20-1772296972067523315,16806,2024,0.1364720001220121,0.7163579994085012,0.03298699994047638,68.42883300032554,1,1,cert,8bb44213c6899185c2a1a4ce7c807e0ffda9ef5b078b3f6eeb0555ca98cfd0fb,10233
1772296972.255818,ML-DSA,ML-DSA-65,ML-KEM-768,21,ML-DSA-21-1772296972188348838,16806,2024,0.07184300011431333,0.17544499951327452,0.03039700004592305,66.61493599949608,1,1,cert,8bb44213c6899185c2a1a4ce7c807e0ffda9ef5b078b3f6eeb0555ca98cfd0fb,10233
1772296972.3793106,ML-DSA,ML-DSA-65,ML-KEM-768,22,ML-DSA-22-1772296972306480414,16806,2024,0.08323400015797233,0.2570119995652931,0.24391999977524392,70.97117000012076,1,1,cert,8bb44213c6899185c2a1a4ce7c807e0ffda9ef5b078b3f6eeb0555ca98cfd0fb,10233
1772296972.5104282,ML-DSA,ML-DSA-65,ML-KEM-768,23,ML-DSA-23-1772296972430126457,16806,2024,0.13822699929733062,0.2500829996279208,0.11376600014045835,78.33671200023673,1,1,cert,8bb44213c6899185c2a1a4ce7c807e0ffda9ef5b078b3f6eeb0555ca98cfd0fb,10233
1772296972.6392357,ML-DSA,ML-DSA-65,ML-KEM-768,24,ML-DSA-24-1772296972561139139,16806,2024,0.11256499965384137,0.26172000070801005,0.04630800049199024,76.14218900016567,1,1,cert,8bb44213c6899185c2a1a4ce7c807e0ffda9ef5b078b3f6eeb0555ca98cfd0fb,10233
1772296972.7577858,ML-DSA,ML-DSA-65,ML-KEM-768,25,ML-DSA-25-1772296972689659674,16806,2024,0.04988300042896299,0.11886199990840396,0.04646200068236794,67.38219399994705,1,1,cert,8bb44213c6899185c2a1a4ce7c807e0ffda9ef5b078b3f6eeb0555ca98cfd0fb,10233
1772296972.876444,ML-DSA,ML-DSA-65,ML-KEM-768,26,ML-DSA-26-1772296972808175060,16806,2024,0.05131899979460286,0.09511799999017967,0.029937999897811096,67.61757900039811,1,1,cert,8bb44213c6899185c2a1a4ce7c807e0ffda9ef5b078b3f6eeb0555ca98cfd0fb,10233
1772296973.0075023,ML-DSA,ML-DSA-65,ML-KEM-768,27,ML-DSA-27-1772296972927000546,16806,2024,0.11547000030986965,0.1884459998109378,0.2369029998590122,78.14462700025615,1,1,cert,8bb44213c6899185c2a1a4ce7c807e0ffda9ef5b078b3f6eeb0555ca98cfd0fb,10233
1772296973.1393223,ML-DSA,ML-DSA-65,ML-KEM-768,28,ML-DSA-28-1772296973058722548,16806,2024,0.10574600037216442,0.3780529996220139,0.14603399995394284,78.62451500022871,1,1,cert,8bb44213c6899185c2a1a4ce7c807e0ffda9ef5b078b3f6eeb0555ca98cfd0fb,10233
1772296973.2888827,ML-DSA,ML-DSA-65,ML-KEM-768,29,ML-DSA-29-1772296973190749616,16806,2024,0.27700299960997654,1.7520329993203632,0.233315000514267,92.49246799936373,1,1,cert,8bb44213c6899185c2a1a4ce7c807e0ffda9ef5b078b3f6eeb0555ca98cfd0fb,10233
1772296973.4107676,ML-DSA,ML-DSA-65,ML-KEM-768,30,ML-DSA-30-1772296973340121787,16806,2024,0.06296900028246455,0.20873699941148516,0.11420000009820797,69.30682599977445,1,1,cert,8bb44213c6899185c2a1a4ce7c807e0ffda9ef5b078b3f6eeb0555ca98cfd0fb,10233
1772296973.6592596,SPHINCS,SPHINCS+-SHA2-128s-simple,ML-KEM-768,1,SPHINCS-1-1772296973461905099,23878,2024,0.07050099975458579,121.81935399985377,0.0720389998605242,74.63988000017707,1,1,cert,f3a3f9573bd45e3ced6aab1250deb5ec7ca880d853512a7f54f697f65437fbcc,11225
1772296973.922938,SPHINCS,SPHINCS+-SHA2-128s-simple,ML-KEM-768,2,SPHINCS-2-1772296973709650185,23878,2024,0.047882999751891475,136.2790640005187,0.03293800000392366,76.39396700051293,1,1,cert,f3a3f9573bd45e3ced6aab1250deb5ec7ca880d853512a7f54f697f65437fbcc,11225
1772296974.196284,SPHINCS,SPHINCS+-SHA2-128s-simple,ML-KEM-768,3,SPHINCS-3-1772296973974207496,23878,2024,0.279720999969868,149.84556699982932,0.026782000531966332,70.98144300016429,1,1,cert,f3a3f9573bd45e3ced6aab1250deb5ec7ca880d853512a7f54f697f65437fbcc,11225
1772296974.4462647,SPHINCS,SPHINCS+-SHA2-128s-simple,ML-KEM-768,4,SPHINCS-4-1772296974246882270,23878,2024,0.047844999244262,127.38510400049563,0.03191799987689592,71.3766349999787,1,1,cert,f3a3f9573bd45e3ced6aab1250deb5ec7ca880d853512a7f54f697f65437fbcc,11225
1772296974.7061,SPHINCS,SPHINCS+-SHA2-128s-simple,ML-KEM-768,5,SPHINCS-5-1772296974496919601,23878,2024,0.07353799992415588,137.23201599987078,0.027594000130193308,71.29890299984254,1,1,cert,f3a3f9573bd45e3ced6aab1250deb5ec7ca880d853512a7f54f697f65437fbcc,11225
1772296974.9663093,SPHINCS,SPHINCS+-SHA2-128s-simple,ML-KEM-768,6,SPHINCS-6-1772296974756856485,23878,2024,0.04901099964627065,122.53901100029907,0.03304299934825394,86.32885400038504,1,1,cert,f3a3f9573bd45e3ced6aab1250deb5ec7ca880d853512a7f54f697f65437fbcc,11225
1772296975.2188013,SPHINCS,SPHINCS+-SHA2-128s-simple,ML-KEM-768,7,SPHINCS-7-1772296975016897215,23878,2024,0.05534100000659237,126.2448380002752,0.0777040004322771,74.78748300036386,1,1,cert,f3a3f9573bd45e3ced6aab1250deb5ec7ca880d853512a7f54f697f65437fbcc,11225
1772296975.5697615,SPHINCS,SPHINCS+-SHA2-128s-simple,ML-KEM-768,8,SPHINCS-8-1772296975269758562,23878,2024,0.12198399963381235,224.44249199998012,0.07406199983961415,74.51717399999325,1,1,cert,f3a3f9573bd45e3ced6aab1250deb5ec7ca880d853512a7f54f697f65437fbcc,11225
1772296975.8213077,SPHINCS,SPHINCS+-SHA2-128s-simple,ML-KEM-768,9,SPHINCS-9-1772296975620605889,23878,2024,0.048257999878842384,125.21882299915887,0.08906099992600502,74.40563899945118,1,1,cert,f3a3f9573bd45e3ced6aab1250deb5ec7ca880d853512a7f54f697f65437fbcc,11225
1772296976.0945897,SPHINCS,SPHINCS+-SHA2-128s-simple,ML-KEM-768,10,SPHINCS-10-1772296975872215912,23880,2026,0.1350939992335043,140.32519299962587,0.15508900014538085,80.50054900013492,1,1,cert,f3a3f9573bd45e3ced6aab1250deb5ec7ca880d853512a7f54f697f65437fbcc,11225
1772296976.3565156,SPHINCS,SPHINCS+-SHA2-128s-simple,ML-KEM-768,11,SPHINCS-11-1772296976146078535,23880,2026,0.07566400017822161,135.25120899976173,0.03793100040638819,74.42502599951695,1,1,cert,f3a3f9573bd45e3ced6aab1250deb5ec7ca880d853512a7f54f697f65437fbcc,11225
1772296976.6266892,SPHINCS,SPHINCS+-SHA2-128s-simple,ML-KEM-768,12,SPHINCS-12-1772296976407406122,23880,2026,0.10555900007602759,150.14815399990766,0.03249000019422965,68.34019300004002,1,1,cert,f3a3f9573bd45e3ced6aab1250deb5ec7ca880d853512a7f54f697f65437fbcc,11225
1772296976.8869426,SPHINCS,SPHINCS+-SHA2-128s-simple,ML-KEM-768,13,SPHINCS-13-1772296976677428770,23880,2026,0.05232300009083701,133.97028100007446,0.0435070005551097,74.8775990005015,1,1,cert,f3a3f9573bd45e3ced6aab1250deb5ec7ca880d853512a7f54f697f65437fbcc,11225
1772296977.1627028,SPHINCS,SPHINCS+-SHA2-128s-simple,ML-KEM-768,14,SPHINCS-14-1772296976937860987,23880,2026,0.19027700000151526,147.94947100017453,0.17802100046537817,75.35379900036787,1,1,cert,f3a3f9573bd45e3ced6aab1250deb5ec7ca880d853512a7f54f697f65437fbcc,11225
1772296977.4233592,SPHINCS,SPHINCS+-SHA2-128s-simple,ML-KEM-768,15,SPHINCS-15-1772296977213573452,23880,2026,0.04854099915974075,130.73597499987955,0.1323609994869912,77.859238000201,1,1,cert,f3a3f9573bd45e3ced6aab1250deb5ec7ca880d853512a7f54f697f65437fbcc,11225
1772296977.6864805,SPHINCS,SPHINCS+-SHA2-128s-simple,ML-KEM-768,16,SPHINCS-16-1772296977474302502,23880,2026,0.1360890000796644,132.26927499999874,0.02852200032066321,79.08747799956473,1,1,cert,f3a3f9573bd45e3ced6aab1250deb5ec7ca880d853512a7f54f697f65437fbcc,11225
1772296977.946613,SPHINCS,SPHINCS+-SHA2-128s-simple,ML-KEM-768,17,SPHINCS-17-1772296977737465556,23880,2026,0.08721400081412867,137.26018499983184,0.0775440003053518,70.8781680004904,1,1,cert,f3a3f9573bd45e3ced6aab1250deb5ec7ca880d853512a7f54f697f65437fbcc,11225
1772296978.2129643,SPHINCS,SPHINCS+-SHA2-128s-simple,ML-KEM-768,18,SPHINCS-18-1772296977997731443,23880,2026,0.12774700007867068,135.85732800038386,0.04371900013211416,78.42369900026824,1,1,cert,f3a3f9573bd45e3ced6aab1250deb5ec7ca880d853512a7f54f697f65437fbcc,11225
1772296978.4875438,SPHINCS,SPHINCS+-SHA2-128s-simple,ML-KEM-768,19,SPHINCS-19-1772296978264058318,23880,2026,0.1297980006711441,153.1266380006855,0.0456710004073102,69.44593000025634,1,1,cert,f3a3f9573bd45e3ced6aab1250deb5ec7ca880d853512a7f54f697f65437fbcc,11225
1772296978.7363913,SPHINCS,SPHINCS+-SHA2-128s-simple,ML-KEM-768,20,SPHINCS-20-1772296978538335859,23880,2026,0.04922400057694176,127.69805900006759,0.03540900070220232,69.58078000025125,1,1,cert,f3a3f9573bd45e3ced6aab1250deb5ec7ca880d853512a7f54f697f65437fbcc,11225
1772296979.017818,SPHINCS,SPHINCS+-SHA2-128s-simple,ML-KEM-768,21,SPHINCS-21-1772296978787779669,23880,2026,0.20819599922106136,152.3362170000837,0.053126999773667194,76.4023140000063,1,1,cert,f3a3f9573bd45e3ced6aab1250deb5ec7ca880d853512a7f54f697f65437fbcc,11225
1772296979.2862923,SPHINCS,SPHINCS+-SHA2-128s-simple,ML-KEM-768,22,SPHINCS-22-1772296979069659611,23880,2026,0.07720499979768647,144.35453899932327,0.028716999622702133,71.61494299998594,1,1,cert,f3a3f9573bd45e3ced6aab1250deb5ec7ca880d853512a7f54f697f65437fbcc,11225
1772296979.539197,SPHINCS,SPHINCS+-SHA2-128s-simple,ML-KEM-768,23,SPHINCS-23-1772296979336980144,23880,2026,0.14490000012301607,129.6160609999788,0.06950899933144683,71.53923599980772,1,1,cert,f3a3f9573bd45e3ced6aab1250deb5ec7ca880d853512a7f54f697f65437fbcc,11225
1772296979.8187618,SPHINCS,SPHINCS+-SHA2-128s-simple,ML-KEM-768,24,SPHINCS-24-1772296979590284856,23880,2026,0.19064499974774662,152.5531419993058,0.05804800002806587,74.74600800014741,1,1,cert,f3a3f9573bd45e3ced6aab1250deb5ec7ca880d853512a7f54f697f65437fbcc,11225
1772296980.0762475,SPHINCS,SPHINCS+-SHA2-128s-simple,ML-KEM-768,25,SPHINCS-25-1772296979869807913,23880,2026,0.0838330006445176,136.70997100052773,0.0295449999612174,68.9777249999679,1,1,cert,f3a3f9573bd45e3ced6aab1250deb5ec7ca880d853512a7f54f697f65437fbcc,11225
1772296980.3270245,SPHINCS,SPHINCS+-SHA2-128s-simple,ML-KEM-768,26,SPHINCS-26-1772296980126925542,23880,2026,0.052722999498655554,128.98179999956483,0.03247199947509216,70.5291419999412,1,1,cert,f3a3f9573bd45e3ced6aab1250deb5ec7ca880d853512a7f54f697f65437fbcc,11225
1772296980.57644,SPHINCS,SPHINCS+-SHA2-128s-simple,ML-KEM-768,27,SPHINCS-27-1772296980377851073,23880,2026,0.05037000028096372,129.77746599972306,0.0953109993133694,67.91819499994745,1,1,cert,f3a3f9573bd45e3ced6aab1250deb5ec7ca880d853512a7f54f697f65437fbcc,11225
1772296980.8363466,SPHINCS,SPHINCS+-SHA2-128s-simple,ML-KEM-768,28,SPHINCS-28-1772296980627345730,23880,2026,0.07543999981862726,139.46872199994687,0.03495999953884166,68.81404700015992,1,1,cert,f3a3f9573bd45e3ced6aab1250deb5ec7ca880d853512a7f54f697f65437fbcc,11225
1772296981.1011517,SPHINCS,SPHINCS+-SHA2-128s-simple,ML-KEM-768,29,SPHINCS-29-1772296980887040035,23880,2026,0.05202000011195196,132.78366800022923,0.10036000003310619,80.3964470005667,1,1,cert,f3a3f9573bd45e3ced6aab1250deb5ec7ca880d853512a7f54f697f65437fbcc,11225
1772296981.3666525,SPHINCS,SPHINCS+-SHA2-128s-simple,ML-KEM-768,30,SPHINCS-30-1772296981152058394,23880,2026,0.0781700000516139,143.88684699952137,0.0424130003011669,69.98519800072245,1,1,cert,f3a3f9573bd45e3ced6aab1250deb5ec7ca880d853512a7f54f697f65437fbcc,11225
1772297069.5175753,ML-DSA,ML-DSA-65,ML-KEM-768,1,ML-DSA-1-1772297069494479487,16804,2022,0.1413039999533794,0.16442200012534158,0.062399999478657264,21.581255000455712,1,1,qr,70c85f2371b821a19c717d775864dbef849976fa0274ad4e79057e62d21946da,10233
1772297069.6360726,ML-DSA,ML-DSA-65,ML-KEM-768,2,ML-DSA-2-1772297069568465175,16804,2022,0.0544440008525271,0.09244799912266899,0.03177500002493616,66.93822499983071,1,1,qr,70c85f2371b821a19c717d775864dbef849976fa0274ad4e79057e62d21946da,10233
1772297069.761325,ML-DSA,ML-DSA-65,ML-KEM-768,3,ML-DSA-3-1772297069686697746,16804,2022,0.07503500000893837,0.19125399921904318,0.12494600014179014,72.6669639998363,1,1,qr,70c85f2371b821a19c717d775864dbef849976fa0274ad4e79057e62d21946da,10233
1772297069.8954208,ML-DSA,ML-DSA-65,ML-KEM-768,4,ML-DSA-4-1772297069812525773,16804,2022,0.138411000079941,0.23455599966837326,0.20273000063752988,80.46859600017342,1,1,qr,70c85f2371b821a19c717d775864dbef849976fa0274ad4e79057e62d21946da,10233
1772297070.0474362,ML-DSA,ML-DSA-65,ML-KEM-768,5,ML-DSA-5-1772297069946686123,16804,2022,0.2764939999906346,1.5631750002285116,0.03265999930590624,96.7219579997618,1,1,qr,70c85f2371b821a19c717d775864dbef849976fa0274ad4e79057e62d21946da,10233
1772297070.1684294,ML-DSA,ML-DSA-65,ML-KEM-768,6,ML-DSA-6-1772297070098280547,16804,2022,0.09371200030727778,0.159354999595962,0.07122000079107238,68.90340300014941,1,1,qr,70c85f2371b821a19c717d775864dbef849976fa0274ad4e79057e62d21946da,10233
1772297070.3055003,ML-DSA,ML-DSA-65,ML-KEM-768,7,ML-DSA-7-1772297070219410757,16804,2022,0.13406000016402686,0.2967509999507456,0.3363030000400613,83.58515500003705,1,1,qr,70c85f2371b821a19c717d775864dbef849976fa0274ad4e79057e62d21946da,10233
1772297070.4360893,ML-DSA,ML-DSA-65,ML-KEM-768,8,ML-DSA-8-1772297070356311414,16804,2022,0.0917369998205686,0.13642800058732973,0.24363099964830326,77.6551910003036,1,1,qr,70c85f2371b821a19c717d775864dbef849976fa0274ad4e79057e62d21946da,10233
1772297070.5681314,ML-DSA,ML-DSA-65,ML-KEM-768,9,ML-DSA-9-1772297070487472329,16804,2022,0.11239400009799283,0.34746999972412596,0.03213800027879188,79.30481699986558,1,1,qr,70c85f2371b821a19c717d775864dbef849976fa0274ad4e79057e62d21946da,10233
1772297070.6867719,ML-DSA,ML-DSA-65,ML-KEM-768,10,ML-DSA-10-1772297070618497780,16806,2024,0.048688999413570855,0.13724899963563075,0.03426300008868566,67.60232000033284,1,1,qr,70c85f2371b821a19c717d775864dbef849976fa0274ad4e79057e62d21946da,10233
1772297070.805915,ML-DSA,ML-DSA-65,ML-KEM-768,11,ML-DSA-11-1772297070737074022,16806,2024,0.04730500040750485,0.11293299940007273,0.03352699968672823,68.16691099993477,1,1,qr,70c85f2371b821a19c717d775864dbef849976fa0274ad4e79057e62d21946da,10233
1772297070.930087,ML-DSA,ML-DSA-65,ML-KEM-768,12,ML-DSA-12-1772297070856310888,16806,2024,0.06943199969100533,0.15532399993389845,0.04282500049157534,72.8278409997074,1,1,qr,70c85f2371b821a19c717d775864dbef849976fa0274ad4e79057e62d21946da,10233
1772297071.0488129,ML-DSA,ML-DSA-65,ML-KEM-768,13,ML-DSA-13-1772297070980769774,16806,2024,0.05122400034451857,0.0979389997155522,0.057394000577914994,67.22504299978027,1,1,qr,70c85f2371b821a19c717d775864dbef849976fa0274ad4e79057e62d21946da,10233
1772297071.1791594,ML-DSA,ML-DSA-65,ML-KEM-768,14,ML-DSA-14-1772297071099434839,16806,2024,0.11518100018292898,0.31332799972005887,0.06768799994461006,78.21128399973531,1,1,qr,70c85f2371b821a19c717d775864dbef849976fa0274ad4e79057e62d21946da,10233
1772297071.3018117,ML-DSA,ML-DSA-65,ML-KEM-768,15,ML-DSA-15-1772297071230046832,16806,2024,0.05139400036568986,0.09323900030722143,0.12332299957051873,70.6725500003813,1,1,qr,70c85f2371b821a19c717d775864dbef849976fa0274ad4e79057e62d21946da,10233
1772297071.4286807,ML-DSA,ML-DSA-65,ML-KEM-768,16,ML-DSA-16-1772297071352845054,16806,2024,0.12218599931657081,0.6973600002311287,0.05513199994311435,73.64757499999541,1,1,qr,70c85f2371b821a19c717d775864dbef849976fa0274ad4e79057e62d21946da,10233
1772297071.5612268,ML-DSA,ML-DSA-65,ML-KEM-768,17,ML-DSA-17-1772297071479430733,16806,2024,0.11927699961233884,0.30012499973963713,0.07358600032603135,80.23937100006151,1,1,qr,70c85f2371b821a19c717d775864dbef849976fa0274ad4e79057e62d21946da,10233
1772297071.6890557,ML-DSA,ML-DSA-65,ML-KEM-768,18,ML-DSA-18-1772297071612054503,16806,2024,0.10215400016022613,0.39878000006865477,0.0814320001154556,75.27864600069734,1,1,qr,70c85f2371b821a19c717d775864dbef849976fa0274ad4e79057e62d21946da,10233
1772297071.8275933,ML-DSA,ML-DSA-65,ML-KEM-768,19,ML-DSA-19-1772297071740433361,16806,2024,0.4504809994614334,2.6027200001408346,0.055036000048858114,80.2883500000462,1,1,qr,70c85f2371b821a19c717d775864dbef849976fa0274ad4e79057e62d21946da,10233
1772297071.9459288,ML-DSA,ML-DSA-65,ML-KEM-768,20,ML-DSA-20-1772297071878536289,16806,2024,0.06845499956398271,0.16639699970255606,0.025178999749186914,66.5191070002038,1,1,qr,70c85f2371b821a19c717d775864dbef849976fa0274ad4e79057e62d21946da,10233
1772297072.068864,ML-DSA,ML-DSA-65,ML-KEM-768,21,ML-DSA-21-1772297071996820639,16806,2024,0.15553499997622566,0.49913800012291176,0.04354000066086883,70.33478699941043,1,1,qr,70c85f2371b821a19c717d775864dbef849976fa0274ad4e79057e62d21946da,10233
1772297072.203654,ML-DSA,ML-DSA-65,ML-KEM-768,22,ML-DSA-22-1772297072119745039,16806,2024,0.1255549996130867,0.4494989998420351,0.13778399988950696,81.8769469997278,1,1,qr,70c85f2371b821a19c717d775864dbef849976fa0274ad4e79057e62d21946da,10233
1772297072.344084,ML-DSA,ML-DSA-65,ML-KEM-768,23,ML-DSA-23-1772297072254804744,16806,2024,0.19332199917698745,0.749736999750894,0.20778700036316877,86.19840700066561,1,1,qr,70c85f2371b821a19c717d775864dbef849976fa0274ad4e79057e62d21946da,10233
1772297072.4824533,ML-DSA,ML-DSA-65,ML-KEM-768,24,ML-DSA-24-1772297072395473382,16806,2024,0.30274900018412154,1.3730539994867286,0.1389680001011584,82.47729200047615,1,1,qr,70c85f2371b821a19c717d775864dbef849976fa0274ad4e79057e62d21946da,10233
1772297072.600044,ML-DSA,ML-DSA-65,ML-KEM-768,25,ML-DSA-25-1772297072533614500,16806,2024,0.050227999963681214,0.18933300088974647,0.06447899977501947,65.4825419996996,1,1,qr,70c85f2371b821a19c717d775864dbef849976fa0274ad4e79057e62d21946da,10233
1772297072.7193131,ML-DSA,ML-DSA-65,ML-KEM-768,26,ML-DSA-26-1772297072650831426,16806,2024,0.06540399954246823,0.2344329996049055,0.07786500009387964,67.28949700027442,1,1,qr,70c85f2371b821a19c717d775864dbef849976fa0274ad4e79057e62d21946da,10233
1772297072.8549874,ML-DSA,ML-DSA-65,ML-KEM-768,27,ML-DSA-27-1772297072770270920,16806,2024,0.1291129992750939,0.3520149994074018,0.21334999928512843,82.58864900017215,1,1,qr,70c85f2371b821a19c717d775864dbef849976fa0274ad4e79057e62d21946da,10233
1772297072.9765153,ML-DSA,ML-DSA-65,ML-KEM-768,28,ML-DSA-28-1772297072906031217,16806,2024,0.08822699965094216,0.3408150005270727,0.024590000066382345,69.43694500023412,1,1,qr,70c85f2371b821a19c717d775864dbef849976fa0274ad4e79057e62d21946da,10233
1772297073.106583,ML-DSA,ML-DSA-65,ML-KEM-768,29,ML-DSA-29-1772297073027123434,16806,2024,0.05260799935058458,0.20336600027803797,0.03364300027897116,78.68565500029945,1,1,qr,70c85f2371b821a19c717d775864dbef849976fa0274ad4e79057e62d21946da,10233
1772297073.2265856,ML-DSA,ML-DSA-65,ML-KEM-768,30,ML-DSA-30-1772297073157244841,16806,2024,0.06481499985966366,0.13814799967803992,0.05625300036626868,68.15531800020835,1,1,qr,70c85f2371b821a19c717d775864dbef849976fa0274ad4e79057e62d21946da,10233
1772297073.4882464,SPHINCS,SPHINCS+-SHA2-128s-simple,ML-KEM-768,1,SPHINCS-1-1772297073277176789,23878,2024,0.058694000472314656,129.32400999943638,0.12588299978233408,80.68709199960722,1,1,qr,65cc64f214d315be51dc997e76f3d10540865c1f742be171651ea67643454704,11225
1772297073.7411673,SPHINCS,SPHINCS+-SHA2-128s-simple,ML-KEM-768,2,SPHINCS-2-1772297073539236118,23878,2024,0.049944999773288146,126.20718000016495,0.09093700009543682,74.81949100019847,1,1,qr,65cc64f214d315be51dc997e76f3d10540865c1f742be171651ea67643454704,11225
1772297074.0098605,SPHINCS,SPHINCS+-SHA2-128s-simple,ML-KEM-768,3,SPHINCS-3-1772297073792406223,23878,2024,0.1888410006358754,141.88084799934586,0.061391999224724714,74.345988999994,1,1,qr,65cc64f214d315be51dc997e76f3d10540865c1f742be171651ea67643454704,11225
1772297074.282026,SPHINCS,SPHINCS+-SHA2-128s-simple,ML-KEM-768,4,SPHINCS-4-1772297074061061147,23878,2024,0.15154599986999528,144.4026520002808,0.16259000040008686,75.23606899940205,1,1,qr,65cc64f214d315be51dc997e76f3d10540865c1f742be171651ea67643454704,11225
1772297074.5695837,SPHINCS,SPHINCS+-SHA2-128s-simple,ML-KEM-768,5,SPHINCS-5-1772297074333300117,23878,2024,0.1524600002085208,160.84399200008193,0.03563399968697922,74.52877100058686,1,1,qr,65cc64f214d315be51dc997e76f3d10540865c1f742be171651ea67643454704,11225
1772297074.829518,SPHINCS,SPHINCS+-SHA2-128s-simple,ML-KEM-768,6,SPHINCS-6-1772297074620253411,23878,2024,0.04977400021743961,138.42090099933557,0.10765200022433419,69.78595999953541,1,1,qr,65cc64f214d315be51dc997e76f3d10540865c1f742be171651ea67643454704,11225
1772297075.0968819,SPHINCS,SPHINCS+-SHA2-128s-simple,ML-KEM-768,7,SPHINCS-7-1772297074880514066,23878,2024,0.10502100030862493,145.83022000078927,0.041573000089556444,69.70040199939831,1,1,qr,65cc64f214d315be51dc997e76f3d10540865c1f742be171651ea67643454704,11225
1772297075.3594263,SPHINCS,SPHINCS+-SHA2-128s-simple,ML-KEM-768,8,SPHINCS-8-1772297075147606264,23878,2024,0.05237099958321778,131.9510020002781,0.07069799994496861,79.03729200006637,1,1,qr,65cc64f214d315be51dc997e76f3d10540865c1f742be171651ea67643454704,11225
1772297075.6166525,SPHINCS,SPHINCS+-SHA2-128s-simple,ML-KEM-768,9,SPHINCS-9-1772297075410378041,23878,2024,0.04936000004818197,131.80943900079,0.03469500006758608,73.83887099967978,1,1,qr,65cc64f214d315be51dc997e76f3d10540865c1f742be171651ea67643454704,11225
1772297075.8670456,SPHINCS,SPHINCS+-SHA2-128s-simple,ML-KEM-768,10,SPHINCS-10-1772297075667705416,23880,2026,0.1046939996740548,130.05399200028478,0.047013999392220285,68.4761359998447,1,1,qr,65cc64f214d315be51dc997e76f3d10540865c1f742be171651ea67643454704,11225
1772297076.1277876,SPHINCS,SPHINCS+-SHA2-128s-simple,ML-KEM-768,11,SPHINCS-11-1772297075917730190,23880,2026,0.07473400000890251,131.9307489993662,0.10462400041433284,77.04705799915246,1,1,qr,65cc64f214d315be51dc997e76f3d10540865c1f742be171651ea67643454704,11225
1772297076.3885872,SPHINCS,SPHINCS+-SHA2-128s-simple,ML-KEM-768,12,SPHINCS-12-1772297076178809836,23880,2026,0.10693400054151425,140.3383560000293,0.07484000070689945,68.4256300000925,1,1,qr,65cc64f214d315be51dc997e76f3d10540865c1f742be171651ea67643454704,11225
1772297076.6570344,SPHINCS,SPHINCS+-SHA2-128s-simple,ML-KEM-768,13,SPHINCS-13-1772297076439797529,23880,2026,0.16870300078153377,138.29633800014562,0.028466999538068194,77.90192999982537,1,1,qr,65cc64f214d315be51dc997e76f3d10540865c1f742be171651ea67643454704,11225
1772297076.9153805,SPHINCS,SPHINCS+-SHA2-128s-simple,ML-KEM-768,14,SPHINCS-14-1772297076707696759,23880,2026,0.0587799995628302,129.2993690003641,0.029075999918859452,77.75847500033706,1,1,qr,65cc64f214d315be51dc997e76f3d10540865c1f742be171651ea67643454704,11225
1772297077.2697942,SPHINCS,SPHINCS+-SHA2-128s-simple,ML-KEM-768,15,SPHINCS-15-1772297076966754893,23880,2026,0.2816199994413182,224.84947999964788,0.0380709998353268,76.58536599956278,1,1,qr,65cc64f214d315be51dc997e76f3d10540865c1f742be171651ea67643454704,11225
1772297077.5583694,SPHINCS,SPHINCS+-SHA2-128s-simple,ML-KEM-768,16,SPHINCS-16-1772297077320925507,23880,2026,0.19483300002320902,148.81706000051054,0.3572140003598179,86.2642970005254,1,1,qr,65cc64f214d315be51dc997e76f3d10540865c1f742be171651ea67643454704,11225
1772297077.807234,SPHINCS,SPHINCS+-SHA2-128s-simple,ML-KEM-768,17,SPHINCS-17-1772297077609790998,23880,2026,0.052411999604373705,126.97460499930457,0.11098800041509094,69.40176399984921,1,1,qr,65cc64f214d315be51dc997e76f3d10540865c1f742be171651ea67643454704,11225
1772297078.0684106,SPHINCS,SPHINCS+-SHA2-128s-simple,ML-KEM-768,18,SPHINCS-18-1772297077858080249,23880,2026,0.17029299942805665,139.82492899958743,0.026186000468442217,69.55752599969856,1,1,qr,65cc64f214d315be51dc997e76f3d10540865c1f742be171651ea67643454704,11225
1772297078.3266268,SPHINCS,SPHINCS+-SHA2-128s-simple,ML-KEM-768,19,SPHINCS-19-1772297078119057760,23880,2026,0.09168099950329633,131.8176200002199,0.02844600021489896,75.12778199998138,1,1,qr,65cc64f214d315be51dc997e76f3d10540865c1f742be171651ea67643454704,11225
1772297078.596309,SPHINCS,SPHINCS+-SHA2-128s-simple,ML-KEM-768,20,SPHINCS-20-1772297078377440710,23880,2026,0.04674600040743826,149.1303169996172,0.030002000130480155,69.16097300018009,1,1,qr,65cc64f214d315be51dc997e76f3d10540865c1f742be171651ea67643454704,11225
1772297078.860867,SPHINCS,SPHINCS+-SHA2-128s-simple,ML-KEM-768,21,SPHINCS-21-1772297078647013851,23880,2026,0.0452109998150263,139.53906299957453,0.12377399980323389,73.30054300018674,1,1,qr,65cc64f214d315be51dc997e76f3d10540865c1f742be171651ea67643454704,11225
1772297079.1190124,SPHINCS,SPHINCS+-SHA2-128s-simple,ML-KEM-768,22,SPHINCS-22-1772297078911570579,23880,2026,0.051326999709999654,129.99600400053168,0.10274199939885875,76.46315599959053,1,1,qr,65cc64f214d315be51dc997e76f3d10540865c1f742be171651ea67643454704,11225
1772297079.4044008,SPHINCS,SPHINCS+-SHA2-128s-simple,ML-KEM-768,23,SPHINCS-23-1772297079170423107,23880,2026,0.18968299991684034,149.21400399998674,0.17085000035876874,83.12360299987631,1,1,qr,65cc64f214d315be51dc997e76f3d10540865c1f742be171651ea67643454704,11225
1772297079.6784816,SPHINCS,SPHINCS+-SHA2-128s-simple,ML-KEM-768,24,SPHINCS-24-1772297079455655965,23880,2026,0.1171589992736699,149.4919979995757,0.027154000235896092,72.57297900014237,1,1,qr,65cc64f214d315be51dc997e76f3d10540865c1f742be171651ea67643454704,11225
1772297079.9547045,SPHINCS,SPHINCS+-SHA2-128s-simple,ML-KEM-768,25,SPHINCS-25-1772297079729508159,23880,2026,0.12957799935975345,140.61554900035844,0.1520100004199776,82.80695499979629,1,1,qr,65cc64f214d315be51dc997e76f3d10540865c1f742be171651ea67643454704,11225
1772297080.2280297,SPHINCS,SPHINCS+-SHA2-128s-simple,ML-KEM-768,26,SPHINCS-26-1772297080006233314,23880,2026,0.2618409998831339,146.06634800020402,0.04595500013238052,74.43109599989839,1,1,qr,65cc64f214d315be51dc997e76f3d10540865c1f742be171651ea67643454704,11225
1772297080.5035944,SPHINCS,SPHINCS+-SHA2-128s-simple,ML-KEM-768,27,SPHINCS-27-1772297080279088320,23880,2026,0.12883300041721668,147.4394620008752,0.1810730000215699,75.6103579997216,1,1,qr,65cc64f214d315be51dc997e76f3d10540865c1f742be171651ea67643454704,11225
1772297080.7937713,SPHINCS,SPHINCS+-SHA2-128s-simple,ML-KEM-768,28,SPHINCS-28-1772297080554918710,23880,2026,0.26830499973584665,157.71755800051324,0.14175900014379295,79.49628799997299,1,1,qr,65cc64f214d315be51dc997e76f3d10540865c1f742be171651ea67643454704,11225
1772297081.106744,SPHINCS,SPHINCS+-SHA2-128s-simple,ML-KEM-768,29,SPHINCS-29-1772297080845512220,23880,2026,0.18839299991668668,187.90860300032364,0.03186000049026916,71.73851200059289,1,1,qr,65cc64f214d315be51dc997e76f3d10540865c1f742be171651ea67643454704,11225
1772297081.3768215,SPHINCS,SPHINCS+-SHA2-128s-simple,ML-KEM-768,30,SPHINCS-30-1772297081157587357,23880,2026,0.05259299996396294,139.4742939992284,0.17413099976693047,77.99508100015373,1,1,qr,65cc64f214d315be51dc997e76f3d10540865c1f742be171651ea67643454704,11225
