ts_unix,iteration,kem_alg,sig_alg,hello_bytes,response_bytes,kem_keygen_ms,sig_keygen_ms,sign_time_ms,decaps_time_ms,sender_total_ms,shared_secret_match,kem_pk_bytes,mem_send_rss_kb,cpu_send_user_ms,cpu_send_sys_ms
1779643465.229981,1,ML-KEM-512,ML-DSA-44,6199,1221,1.0134220001418726,0.13954400037619052,0.13761299987891107,0.03401200001462712,2.3050549998515635,1,800,24952,0.0,0.0
1779643465.2306225,2,ML-KEM-512,ML-DSA-44,6199,1221,0.030207000236259773,0.06982100012464798,0.05961300030321581,0.012029000117763644,0.5307659998834424,1,800,24952,0.0,0.0
1779643465.231004,3,ML-KEM-512,ML-DSA-44,6199,1221,0.011051000001316424,0.023438999960490037,0.10133399973710766,0.010610000117594609,0.3266740000071877,1,800,24952,0.0,0.0
1779643465.2313082,4,ML-KEM-512,ML-DSA-44,6199,1221,0.009695999779069098,0.022881999939272646,0.04356800036475761,0.010279999969498022,0.25852900034806225,1,800,24952,0.0,0.0
1779643465.2316813,5,ML-KEM-512,ML-DSA-44,6199,1221,0.013914999726694077,0.02385100015089847,0.042952000057994155,0.010534000011830358,0.27388699982111575,1,800,24952,0.0,0.0
1779643465.2319834,6,ML-KEM-512,ML-DSA-44,6199,1221,0.009754000075190561,0.02247100019303616,0.04829599993172451,0.01036000003296067,0.25545700009388383,1,800,24952,0.0,0.0
1779643465.2323701,7,ML-KEM-512,ML-DSA-44,6199,1221,0.011936999726458453,0.023090000013326062,0.10005700005422113,0.010623999969539,0.32105300033435924,1,800,24952,0.0,0.0
1779643465.2326546,8,ML-KEM-512,ML-DSA-44,6199,1221,0.009465000402997248,0.02234900011899299,0.03298399997220258,0.010514000223338371,0.24026799974308233,1,800,24952,0.0,0.0
1779643465.2330358,9,ML-KEM-512,ML-DSA-44,6199,1221,0.013306000255397521,0.023658999907638645,0.053713999932369916,0.011642999652394792,0.28976299972782726,1,800,24952,0.0,0.0
1779643465.2334714,10,ML-KEM-512,ML-DSA-44,6200,1222,0.01034400020216708,0.03520400014167535,0.08703699995749048,0.01546400017105043,0.38155299989739433,1,800,24952,0.0,0.0
1779643465.2338536,11,ML-KEM-512,ML-DSA-44,6200,1222,0.012590000096679432,0.030774000151723158,0.045079000301484484,0.014045999705558643,0.32228800000666524,1,800,24952,9.999999999999995,0.0
1779643465.234331,12,ML-KEM-512,ML-DSA-44,6200,1222,0.01354000005449052,0.030712999887327896,0.09548300022288458,0.013891999969928293,0.4156999998485844,1,800,24952,0.0,0.0
1779643465.2347906,13,ML-KEM-512,ML-DSA-44,6200,1222,0.01769700020304299,0.030154000342008658,0.06541099992318777,0.014116999864199897,0.3546180000739696,1,800,24952,0.0,0.0
1779643465.2352488,14,ML-KEM-512,ML-DSA-44,6200,1222,0.012913999853481073,0.02958999994007172,0.1249939996341709,0.013833000139129581,0.3972240001530736,1,800,24952,0.0,0.0
1779643465.2356784,15,ML-KEM-512,ML-DSA-44,6200,1222,0.01155199970526155,0.027160000172443688,0.12674800018430687,0.012216999948577723,0.37501599990719114,1,800,24952,0.0,0.0
1779643465.2360406,16,ML-KEM-512,ML-DSA-44,6200,1222,0.011051999990741024,0.026150999929086538,0.050954000016645296,0.012196000170661137,0.30206599967641523,1,800,24952,0.0,0.0
1779643465.2365012,17,ML-KEM-512,ML-DSA-44,6200,1222,0.014858999747957569,0.026639000225259224,0.112201999854733,0.013885000043956097,0.3651780002655869,1,800,24952,0.0,0.0
1779643465.236833,18,ML-KEM-512,ML-DSA-44,6200,1222,0.010852000286831753,0.02504399981262395,0.04832600006920984,0.011588000234041829,0.27944700013904367,1,800,24952,0.0,0.0
1779643465.2371995,19,ML-KEM-512,ML-DSA-44,6200,1222,0.010507999832043424,0.024360000224987743,0.08600599994679214,0.011203999747522175,0.3146670001115126,1,800,24952,0.0,0.0
1779643465.2375355,20,ML-KEM-512,ML-DSA-44,6200,1222,0.010508999821468024,0.02431900020383182,0.055825000345066655,0.011263000033068238,0.28743499979100307,1,800,24952,0.0,0.0
1779643465.2381868,1,ML-KEM-512,ML-DSA-65,8235,1221,0.01591099999131984,0.0842189997456444,0.11324600018269848,0.01234399996974389,0.5037330001869122,1,800,25856,0.0,0.0
1779643465.2385728,2,ML-KEM-512,ML-DSA-65,8235,1221,0.010380999810877256,0.03967199972976232,0.07478499992430443,0.009942999895429239,0.33257399991271086,1,800,25856,0.0,0.0
1779643465.2389722,3,ML-KEM-512,ML-DSA-65,8235,1221,0.009003000286611496,0.03498499972920399,0.127563000205555,0.009640999905968783,0.35591500000009546,1,800,25856,0.0,0.0
1779643465.2394323,4,ML-KEM-512,ML-DSA-65,8235,1221,0.0088400001914124,0.03490800008876249,0.18258300042361952,0.009694999789644498,0.4162360000918852,1,800,25856,0.0,0.0
1779643465.2398896,5,ML-KEM-512,ML-DSA-65,8235,1221,0.013227000181359472,0.04124899987800745,0.061721000292891404,0.01036100002238527,0.37517200007641804,1,800,25856,0.0,0.0
1779643465.2403347,6,ML-KEM-512,ML-DSA-65,8235,1221,0.009849999969446799,0.03548899985617027,0.1500539997323358,0.010252999800286489,0.3967779998674814,1,800,25856,0.0,0.0
1779643465.2406673,7,ML-KEM-512,ML-DSA-65,8235,1221,0.009718999990582233,0.035087000014755176,0.05837700018673786,0.010095000106957741,0.2885080002670293,1,800,25856,0.0,0.0
1779643465.2410553,8,ML-KEM-512,ML-DSA-65,8235,1221,0.009338999916508328,0.0363709996236139,0.10923900026682531,0.010276000011799624,0.3436550000515126,1,800,25856,0.0,0.0
1779643465.2414865,9,ML-KEM-512,ML-DSA-65,8235,1221,0.014200000350683695,0.04073099989909679,0.08693900008438504,0.009743000191519968,0.3441809999458201,1,800,25856,0.0,0.0
1779643465.2418056,10,ML-KEM-512,ML-DSA-65,8236,1222,0.008747999800107209,0.03464999963398441,0.04573300020638271,0.009840000075200805,0.2738960001806845,1,800,25856,0.0,0.0
1779643465.2421515,11,ML-KEM-512,ML-DSA-65,8236,1222,0.009060999673238257,0.0349769998138072,0.045418000354402466,0.010112999916600529,0.3006439997079724,1,800,25856,0.0,0.0
1779643465.242489,12,ML-KEM-512,ML-DSA-65,8236,1222,0.009076999958779197,0.03527899980326765,0.064754999584693,0.00977099989540875,0.2949250001620385,1,800,25856,0.0,0.0
1779643465.2428648,13,ML-KEM-512,ML-DSA-65,8236,1222,0.013085000318824314,0.0374510000256123,0.047714000174892135,0.009965000117517775,0.2950509997390327,1,800,25856,0.0,0.0
1779643465.243203,14,ML-KEM-512,ML-DSA-65,8236,1222,0.009565000254951883,0.03807600023719715,0.04853200016441406,0.00953800008574035,0.29086999984428985,1,800,25856,0.0,0.0
1779643465.2435133,15,ML-KEM-512,ML-DSA-65,8236,1222,0.008776000413490692,0.034670999866648344,0.04535300013230881,0.009697000223241048,0.27010700023311074,1,800,25856,0.0,0.0
1779643465.2438698,16,ML-KEM-512,ML-DSA-65,8236,1222,0.008511000032740412,0.03449500036367681,0.08959000024333363,0.009823999789659865,0.3156490001856582,1,800,25856,9.999999999999995,0.0
1779643465.244345,17,ML-KEM-512,ML-DSA-65,8236,1222,0.012939000043843407,0.04801600016435259,0.09373500006404356,0.010786000075313495,0.3935590002583922,1,800,25856,0.0,0.0
1779643465.2448041,18,ML-KEM-512,ML-DSA-65,8236,1222,0.009835999662755057,0.036545999591908185,0.04868499991061981,0.01082600010704482,0.305940000089322,1,800,25856,0.0,0.0
1779643465.2452652,19,ML-KEM-512,ML-DSA-65,8236,1222,0.028641999961109832,0.04876099956163671,0.06787099982830114,0.010315999588783598,0.4084920001332648,1,800,25856,0.0,0.0
1779643465.2455966,20,ML-KEM-512,ML-DSA-65,8236,1222,0.0093039998319,0.03553299984559999,0.04635899995264481,0.009809999937715475,0.28423300000213203,1,800,25856,0.0,0.0
1779643465.2464037,1,ML-KEM-512,ML-DSA-87,10847,1221,0.013206999938120134,0.09255199984181672,0.3005030002896092,0.010434000159875723,0.6735820002177206,1,800,25856,0.0,0.0
1779643465.2468352,2,ML-KEM-512,ML-DSA-87,10847,1221,0.009306999800173799,0.05383600000641309,0.10091700005432358,0.010075000318465754,0.3836519999822485,1,800,25856,0.0,0.0
1779643465.2473202,3,ML-KEM-512,ML-DSA-87,10847,1221,0.009023000075103482,0.05297400002746144,0.12932999970871606,0.010504999863769626,0.43928400009463076,1,800,25856,0.0,0.0
1779643465.2477207,4,ML-KEM-512,ML-DSA-87,10847,1221,0.009300999863626203,0.05381599976317375,0.07942299998831004,0.010016000032919692,0.35532599986254354,1,800,25856,0.0,0.0
1779643465.2481985,5,ML-KEM-512,ML-DSA-87,10847,1221,0.012952999895787798,0.05626699976346572,0.07008500006122631,0.010835000011866214,0.3984919999311387,1,800,25856,0.0,0.0
1779643465.2486413,6,ML-KEM-512,ML-DSA-87,10847,1221,0.010089000170410145,0.056721999953879276,0.1038310001604259,0.010536999980104156,0.3961239999625832,1,800,25856,0.0,0.0
1779643465.2491138,7,ML-KEM-512,ML-DSA-87,10847,1221,0.013714000033360207,0.05708499975298764,0.07152299986046273,0.010671999916667119,0.37870599999223487,1,800,25856,0.0,0.0
1779643465.2495604,8,ML-KEM-512,ML-DSA-87,10847,1221,0.009488000159763033,0.055946999964362476,0.1073969997378299,0.010863999705179594,0.4011749997516745,1,800,25856,0.0,0.0
1779643465.2501252,9,ML-KEM-512,ML-DSA-87,10847,1221,0.013503999980457593,0.07034999998722924,0.11060299993914668,0.011453000297478866,0.4774029998770857,1,800,25856,0.0,0.0
1779643465.2505584,10,ML-KEM-512,ML-DSA-87,10848,1222,0.010423999810882378,0.05772399981651688,0.07415199979732279,0.011105999874416739,0.3817339998022362,1,800,25856,0.0,0.0
1779643465.251511,11,ML-KEM-512,ML-DSA-87,10848,1222,0.009967000096366974,0.059248999605188146,0.45943899976919056,0.012115000117773889,0.9022730000651791,1,800,25856,0.0,0.0
1779643465.2519977,12,ML-KEM-512,ML-DSA-87,10848,1222,0.01198799964186037,0.06339899982776842,0.09883800021270872,0.010928999927273253,0.4246850003255531,1,800,25856,0.0,0.0
1779643465.2525556,13,ML-KEM-512,ML-DSA-87,10848,1222,0.014344000192068052,0.06340300024021417,0.12776299990946427,0.01074900001185597,0.45661000012842123,1,800,25856,0.0,0.0
1779643465.2536018,14,ML-KEM-512,ML-DSA-87,10848,1222,0.010339000255044084,0.06071999996493105,0.4145919997426972,0.011335000181134092,0.813501999800792,1,800,25856,0.0,0.0
1779643465.2541816,15,ML-KEM-512,ML-DSA-87,10848,1222,0.028915999791934155,0.05883999983780086,0.12076099983460153,0.010751999980129767,0.4869990002589475,1,800,25856,10.000000000000009,0.0
1779643465.2547302,16,ML-KEM-512,ML-DSA-87,10848,1222,0.009975000011763768,0.059158999647479504,0.17907099982039654,0.010768999800347956,0.4976770001121622,1,800,25856,0.0,0.0
1779643465.255247,17,ML-KEM-512,ML-DSA-87,10848,1222,0.013170999864087207,0.056275000133609865,0.129336000100011,0.010098000075231539,0.42794999990292126,1,800,25856,0.0,0.0
1779643465.2557049,18,ML-KEM-512,ML-DSA-87,10848,1222,0.02179099965360365,0.05620699994324241,0.10029699978986173,0.010338999800296733,0.4115599999749975,1,800,25856,0.0,0.0
1779643465.256203,19,ML-KEM-512,ML-DSA-87,10848,1222,0.012656999842874939,0.055947999953787075,0.1059360001818277,0.01012800021271687,0.404543999593443,1,800,25856,0.0,0.0
1779643465.2566402,20,ML-KEM-512,ML-DSA-87,10848,1222,0.0090720000116562,0.05381599976317375,0.11409699982323218,0.010255999768560287,0.392913999803568,1,800,25856,0.0,0.0
1779643465.4010057,1,ML-KEM-512,SPHINCS+-SHA2-128s-simple,11755,1221,0.012308999885135563,16.989171999739483,126.48342599959506,0.013284000033308985,144.21519100005753,1,800,25856,139.99999999999997,0.0
1779643465.5472646,2,ML-KEM-512,SPHINCS+-SHA2-128s-simple,11755,1221,0.016000999949028483,18.489766000129748,126.86200799998915,0.014683000244986033,146.17338800007929,1,800,25856,150.00000000000003,0.0
1779643465.6972866,3,ML-KEM-512,SPHINCS+-SHA2-128s-simple,11755,1221,0.01342999985354254,18.588040999929945,130.7145450000462,0.013025000043853652,149.9499999999898,1,800,25856,150.00000000000003,0.0
1779643465.8468926,4,ML-KEM-512,SPHINCS+-SHA2-128s-simple,11755,1221,0.012089999927411554,16.552094999951805,132.27585899994665,0.013693000255443621,149.52547100028823,1,800,25856,149.99999999999991,0.0
1779643466.0016136,5,ML-KEM-512,SPHINCS+-SHA2-128s-simple,11755,1221,0.022971999896981288,17.80208499985747,135.97754800002804,0.014118999843049096,154.55133000023125,1,800,25856,150.00000000000003,0.0
1779643466.1574547,6,ML-KEM-512,SPHINCS+-SHA2-128s-simple,11755,1221,0.01330699979007477,16.79919299976973,138.20640300036757,0.014107999959378503,155.75588599995172,1,800,25856,150.00000000000003,0.0
1779643466.3081756,7,ML-KEM-512,SPHINCS+-SHA2-128s-simple,11755,1221,0.014105999980529305,17.41822099984347,132.5157940000281,0.014590999853680842,150.64188200040007,1,800,25856,149.99999999999991,0.0
1779643466.461518,8,ML-KEM-512,SPHINCS+-SHA2-128s-simple,11755,1221,0.0179909998223593,17.623431000174605,134.87279900027715,0.014947000181564363,153.25916199981293,1,800,25856,160.00000000000014,0.0
1779643466.6137233,9,ML-KEM-512,SPHINCS+-SHA2-128s-simple,11755,1221,0.018691999684961047,17.851402999895072,133.45243000003393,0.016090999906737125,152.0518689999335,1,800,25856,149.99999999999991,0.0
1779643466.7846797,10,ML-KEM-512,SPHINCS+-SHA2-128s-simple,11756,1222,0.01797300001271651,16.945489999670826,153.12580599993453,0.0169830000231741,170.85999699975218,1,800,25856,169.99999999999994,0.0
1779643466.945945,11,ML-KEM-512,SPHINCS+-SHA2-128s-simple,11756,1222,0.018800999896484427,22.09168800027328,138.26464899966595,0.02275500037285383,161.1597310002253,1,800,25856,160.00000000000014,0.0
1779643467.093805,12,ML-KEM-512,SPHINCS+-SHA2-128s-simple,11756,1222,0.01598800008650869,18.000209000092582,129.03819299981478,0.01487400004407391,147.77682600015396,1,800,25856,149.99999999999991,0.0
1779643467.245276,13,ML-KEM-512,SPHINCS+-SHA2-128s-simple,11756,1222,0.019608999991760356,17.958637999981875,132.66266200025711,0.012077000064891763,151.31156899997222,1,800,25856,149.99999999999991,0.0
1779643467.4174845,14,ML-KEM-512,SPHINCS+-SHA2-128s-simple,11756,1222,0.011578000339795835,17.720388999805436,153.60587899976963,0.01738499986458919,172.12929399966015,1,800,25856,180.00000000000017,0.0
1779643467.5831447,15,ML-KEM-512,SPHINCS+-SHA2-128s-simple,11756,1222,0.015657999938412104,19.41205599996465,145.41004400007296,0.01624100013941643,165.5737380001483,1,800,25856,160.00000000000014,0.0
1779643467.7299237,16,ML-KEM-512,SPHINCS+-SHA2-128s-simple,11756,1222,0.01733799990688567,17.93907199999012,127.80707199999597,0.017334999938611872,146.68992899987643,1,800,25856,149.99999999999991,0.0
1779643467.8752024,17,ML-KEM-512,SPHINCS+-SHA2-128s-simple,11756,1222,0.017181000202981522,16.951462000179163,127.47545699994589,0.013918000149715226,145.14071700023123,1,800,25856,149.99999999999991,0.0
1779643468.0208266,18,ML-KEM-512,SPHINCS+-SHA2-128s-simple,11756,1222,0.014519000160362339,15.578225999888673,129.30373100016368,0.014094000107434113,145.54928899997321,1,800,25856,140.0000000000001,0.0
1779643468.1622036,19,ML-KEM-512,SPHINCS+-SHA2-128s-simple,11756,1222,0.01569500000186963,16.383734000100958,124.16597599985835,0.012984000022697728,141.2875080000049,1,800,25856,139.9999999999997,0.0
1779643468.3067975,20,ML-KEM-512,SPHINCS+-SHA2-128s-simple,11756,1222,0.01706200009721215,16.55525200021657,127.25424100017335,0.013200000012147939,144.49458699982642,1,800,25856,150.00000000000034,0.0
1779643468.3147883,1,ML-KEM-512,SPHINCS+-SHA2-128f-simple,24063,1221,0.01735700016070041,0.2604510000310256,6.3921920000211685,0.014731000192114152,7.792853999944782,1,800,26368,9.999999999999787,0.0
1779643468.3219035,2,ML-KEM-512,SPHINCS+-SHA2-128f-simple,24063,1221,0.01355700032945606,0.24686100005055778,5.772924999746465,0.01107500020225416,7.041835000109131,1,800,26368,10.000000000000231,0.0
1779643468.328643,3,ML-KEM-512,SPHINCS+-SHA2-128f-simple,24063,1221,0.011189999895577785,0.23684600000706268,5.710686999918835,0.011496000297483988,6.677837000097497,1,800,26368,0.0,0.0
1779643468.3359282,4,ML-KEM-512,SPHINCS+-SHA2-128f-simple,24063,1221,0.010805999863805482,0.26048600011563394,6.041582999841921,0.012898000022687484,7.218896999802382,1,800,26368,9.999999999999787,0.0
1779643468.3430927,5,ML-KEM-512,SPHINCS+-SHA2-128f-simple,24063,1221,0.022453999918070622,0.2573490000941092,5.96373999997013,0.012817999959224835,7.0272709999699146,1,800,26368,10.000000000000231,0.0
1779643468.3508346,6,ML-KEM-512,SPHINCS+-SHA2-128f-simple,24063,1221,0.013576000128523447,0.2793559997371631,6.554737999977078,0.013474999832396861,7.660744000077102,1,800,26368,0.0,0.0
1779643468.3584442,7,ML-KEM-512,SPHINCS+-SHA2-128f-simple,24063,1221,0.013339999895833898,0.2909340000769589,6.453672000134247,0.014279999959398992,7.537391999903775,1,800,26368,9.999999999999787,0.0
1779643468.3660784,8,ML-KEM-512,SPHINCS+-SHA2-128f-simple,24063,1221,0.011690000064845663,0.2706949999264907,6.504243000108545,0.014582999938284047,7.571462000214524,1,800,26368,10.000000000000231,0.0
1779643468.374263,9,ML-KEM-512,SPHINCS+-SHA2-128f-simple,24063,1221,0.015521000022999942,0.2722189997257374,6.74278399992545,0.01595599997017416,8.054376000018237,1,800,26368,9.999999999999787,0.0
1779643468.3823624,10,ML-KEM-512,SPHINCS+-SHA2-128f-simple,24064,1222,0.02627200001370511,0.29717600000367383,6.63121899970065,0.014286999885371188,7.8614590001961915,1,800,26368,10.000000000000231,0.0
1779643468.3904517,11,ML-KEM-512,SPHINCS+-SHA2-128f-simple,24064,1222,0.013861000297765713,0.38640499997200095,6.513878000077966,0.013216999832366128,8.012609999695997,1,800,26368,0.0,0.0
1779643468.3982122,12,ML-KEM-512,SPHINCS+-SHA2-128f-simple,24064,1222,0.01332099964201916,0.2606170000944985,6.466615999670466,0.0135689997478039,7.682769999973971,1,800,26368,9.999999999999787,0.0
1779643468.4057097,13,ML-KEM-512,SPHINCS+-SHA2-128f-simple,24064,1222,0.01687300027697347,0.25458599975536345,6.166967000353907,0.014136000118014636,7.362528999692586,1,800,26368,9.999999999999787,0.0
1779643468.412912,14,ML-KEM-512,SPHINCS+-SHA2-128f-simple,24064,1222,0.012986000001546927,0.2733970000008412,5.969355999695836,0.011821999578387477,7.12111900020318,1,800,26368,10.000000000000231,0.0
1779643468.4198253,15,ML-KEM-512,SPHINCS+-SHA2-128f-simple,24064,1222,0.012713000160147203,0.2585239999461919,5.746289000398974,0.016402000255766325,6.798818000333995,1,800,26368,0.0,0.0
1779643468.4272072,16,ML-KEM-512,SPHINCS+-SHA2-128f-simple,24064,1222,0.017519000266474904,0.24240799984909245,6.1506379997808835,0.013309000223671319,7.303369000055682,1,800,26368,9.999999999999787,0.0
1779643468.4344938,17,ML-KEM-512,SPHINCS+-SHA2-128f-simple,24064,1222,0.020411999685165938,0.2581300000201736,5.968161000055261,0.012395999874570407,7.122280000203318,1,800,26368,10.000000000000231,0.0
1779643468.4416492,18,ML-KEM-512,SPHINCS+-SHA2-128f-simple,24064,1222,0.011398000424378552,0.24505999999746564,6.005866000123206,0.010970999937853776,7.092554000337259,1,800,26368,9.999999999999787,0.0
1779643468.4484203,19,ML-KEM-512,SPHINCS+-SHA2-128f-simple,24064,1222,0.011964999885094585,0.25258699997721124,5.634498000290478,0.014014000043971464,6.699405999825103,1,800,26368,0.0,0.0
1779643468.4561186,20,ML-KEM-512,SPHINCS+-SHA2-128f-simple,24064,1222,0.013021000086155254,0.27099499993710197,6.495606000044063,0.013657999716087943,7.631501000105345,1,800,26368,10.000000000000231,0.0
1779643468.4568706,1,ML-KEM-768,ML-DSA-44,6711,1649,0.10527999984333292,0.056953999774123076,0.11106500005553244,0.01718700013952912,0.5559219998758635,1,1184,26368,0.0,0.0
1779643468.4572315,2,ML-KEM-768,ML-DSA-44,6711,1649,0.015013999927759869,0.0252790000558889,0.050349000048299786,0.01625100003366242,0.3019689997927344,1,1184,26368,0.0,0.0
1779643468.4576426,3,ML-KEM-768,ML-DSA-44,6711,1649,0.014509999800793594,0.023950000013428507,0.05283499967845273,0.02476600002410123,0.3283870000814204,1,1184,26368,0.0,0.0
1779643468.4580238,4,ML-KEM-768,ML-DSA-44,6711,1649,0.016231000245170435,0.02534400027798256,0.07508999988203868,0.015588999758620048,0.3275980002399592,1,1184,26368,0.0,0.0
1779643468.4585161,5,ML-KEM-768,ML-DSA-44,6711,1649,0.018870000076276483,0.025521999759803293,0.13566300003731158,0.01588000031915726,0.3995310003119812,1,1184,26368,0.0,0.0
1779643468.4588473,6,ML-KEM-768,ML-DSA-44,6711,1649,0.0146570000651991,0.024183999812521506,0.036968000131309964,0.01609999981155852,0.27961300020251656,1,1184,26368,0.0,0.0
1779643468.45918,7,ML-KEM-768,ML-DSA-44,6711,1649,0.013996999769005924,0.02402299969617161,0.047136999910435406,0.01573999998072395,0.2840800002559263,1,1184,26368,0.0,0.0
1779643468.4595556,8,ML-KEM-768,ML-DSA-44,6711,1649,0.014504999853670597,0.02427099980195635,0.04874499973084312,0.01629899998079054,0.3266869998697075,1,1184,26368,0.0,0.0
1779643468.4600177,9,ML-KEM-768,ML-DSA-44,6711,1649,0.01861000009739655,0.0326499998664076,0.07475000029444345,0.018107999949279474,0.3720029999385588,1,1184,26368,0.0,0.0
1779643468.4604042,10,ML-KEM-768,ML-DSA-44,6712,1650,0.016093000340333674,0.027535000299394596,0.06737099965903326,0.01618899977984256,0.32919800014497014,1,1184,26368,0.0,0.0
1779643468.4607594,11,ML-KEM-768,ML-DSA-44,6712,1650,0.014629999895987567,0.024500000108673703,0.0660579999021138,0.01603500004421221,0.30716700030097854,1,1184,26368,0.0,0.0
1779643468.4610896,12,ML-KEM-768,ML-DSA-44,6712,1650,0.014254999769036658,0.024343999939446803,0.03730000025825575,0.01826900006562937,0.28155600011814386,1,1184,26368,0.0,0.0
1779643468.4615,13,ML-KEM-768,ML-DSA-44,6712,1650,0.01825399976951303,0.02582199977041455,0.03804200014201342,0.01701099972706288,0.32289499995385995,1,1184,26368,9.999999999999787,0.0
1779643468.462014,14,ML-KEM-768,ML-DSA-44,6712,1650,0.01870300002337899,0.025878000087686814,0.14957699977458105,0.01591099999131984,0.4125300001760479,1,1184,26368,0.0,0.0
1779643468.462359,15,ML-KEM-768,ML-DSA-44,6712,1650,0.014338999790197704,0.024322000172105618,0.057175000165443635,0.016201999642362352,0.29682900003535906,1,1184,26368,0.0,0.0
1779643468.462721,16,ML-KEM-768,ML-DSA-44,6712,1650,0.014510999790218193,0.02416100005575572,0.07017300004008575,0.016103000234579667,0.3142509999634058,1,1184,26368,0.0,0.0
1779643468.463171,17,ML-KEM-768,ML-DSA-44,6712,1650,0.017847999970399542,0.025494000055914512,0.10393700040367548,0.01594300010765437,0.3631079998740461,1,1184,26368,0.0,0.0
1779643468.4635339,18,ML-KEM-768,ML-DSA-44,6712,1650,0.014511999779642792,0.024525000299036037,0.03709600014190073,0.016200000118260505,0.3127889999632316,1,1184,26368,0.0,0.0
1779643468.4639392,19,ML-KEM-768,ML-DSA-44,6712,1650,0.014584999917133246,0.02413399988654419,0.08253299984062323,0.016707000213500578,0.3553960000317602,1,1184,26368,0.0,0.0
1779643468.4642735,20,ML-KEM-768,ML-DSA-44,6712,1650,0.015117000202735653,0.02521800024624099,0.03956199998356169,0.016243000118265627,0.2859080000234826,1,1184,26368,0.0,0.0
1779643468.4651816,1,ML-KEM-768,ML-DSA-65,8747,1649,0.031616999876860064,0.05843600001753657,0.12137000021539279,0.01754300001266529,0.6298980001702148,1,1184,26368,0.0,0.0
1779643468.4656374,2,ML-KEM-768,ML-DSA-65,8747,1649,0.017033999938576017,0.042427000153111294,0.07108699992386391,0.016636000054859323,0.39115100025810534,1,1184,26368,0.0,0.0
1779643468.4661727,3,ML-KEM-768,ML-DSA-65,8747,1649,0.017041000319295563,0.06339999981719302,0.09913200028677238,0.017641000340518076,0.47430799986614147,1,1184,26368,0.0,0.0
1779643468.4667222,4,ML-KEM-768,ML-DSA-65,8747,1649,0.01670399979047943,0.04356499994173646,0.1363110000056622,0.01713899973765365,0.4819030000362545,1,1184,26368,0.0,0.0
1779643468.4672637,5,ML-KEM-768,ML-DSA-65,8747,1649,0.02127600009771413,0.0430420000157028,0.05627200016533607,0.017640999885770725,0.3932859999622451,1,1184,26368,0.0,0.0
1779643468.467861,6,ML-KEM-768,ML-DSA-65,8747,1649,0.018902000192611013,0.04141099998378195,0.2048020000984252,0.015996999991330085,0.5248749998827407,1,1184,26368,0.0,0.0
1779643468.4682548,7,ML-KEM-768,ML-DSA-65,8747,1649,0.014458999885391677,0.039388000004692,0.05209900018599001,0.01572699966345681,0.33060499981729663,1,1184,26368,0.0,0.0
1779643468.4686902,8,ML-KEM-768,ML-DSA-65,8747,1649,0.017641999875195324,0.041137999687634874,0.07957400021041394,0.015920999885565834,0.3775889999815263,1,1184,26368,0.0,0.0
1779643468.4691663,9,ML-KEM-768,ML-DSA-65,8747,1649,0.01845399992816965,0.04003000003649504,0.09384599979966879,0.016154000149981584,0.38749200029997155,1,1184,26368,0.0,0.0
1779643468.469589,10,ML-KEM-768,ML-DSA-65,8748,1650,0.015908000023046043,0.04462200013222173,0.05277599984765402,0.015791999885550467,0.3720549998433853,1,1184,26368,0.0,0.0
1779643468.4701202,11,ML-KEM-768,ML-DSA-65,8748,1650,0.014119000297796447,0.07204100029412075,0.11740200034182635,0.01553999982206733,0.4820670001208782,1,1184,26368,0.0,0.0
1779643468.4705515,12,ML-KEM-768,ML-DSA-65,8748,1650,0.01403499982188805,0.03777599977183854,0.08798699991530157,0.015074000202730531,0.3824200002782163,1,1184,26368,0.0,0.0
1779643468.4710257,13,ML-KEM-768,ML-DSA-65,8748,1650,0.01732300006551668,0.04018800018457114,0.10224400011793477,0.01575499982209294,0.38912799982426804,1,1184,26368,0.0,0.0
1779643468.471657,14,ML-KEM-768,ML-DSA-65,8748,1650,0.015299000097002136,0.040176999846153194,0.12154400019426248,0.061348000144789694,0.5282619999888993,1,1184,26368,10.000000000000231,0.0
1779643468.4722612,15,ML-KEM-768,ML-DSA-65,8748,1650,0.03123599981336156,0.05250999993222649,0.06766099977539852,0.015857999642321374,0.5381390001275577,1,1184,26368,0.0,0.0
1779643468.4727664,16,ML-KEM-768,ML-DSA-65,8748,1650,0.01995899992834893,0.042719999783003004,0.057982000271294964,0.015332000202761265,0.36632799992730725,1,1184,26368,0.0,0.0
1779643468.473293,17,ML-KEM-768,ML-DSA-65,8748,1650,0.019719999727385584,0.03944099989894312,0.11360799999238225,0.014972999906603945,0.41053699987969594,1,1184,26368,0.0,0.0
1779643468.4736927,18,ML-KEM-768,ML-DSA-65,8748,1650,0.01718700013952912,0.03795500015257858,0.062493999848811654,0.014786000065214466,0.3471469999567489,1,1184,26368,0.0,0.0
1779643468.4740644,19,ML-KEM-768,ML-DSA-65,8748,1650,0.013580999620899092,0.03670800015243003,0.06186500013427576,0.014739000107510947,0.32465899994349456,1,1184,26368,0.0,0.0
1779643468.474486,20,ML-KEM-768,ML-DSA-65,8748,1650,0.013570999726653099,0.03765400015254272,0.05943399992247578,0.015145999896049034,0.3755909997380513,1,1184,26368,0.0,0.0
1779643468.4752383,1,ML-KEM-768,ML-DSA-87,11359,1649,0.019141999928251607,0.06537499984915485,0.2372690000811417,0.015124999663385097,0.601564000135113,1,1184,26368,0.0,0.0
1779643468.4757729,2,ML-KEM-768,ML-DSA-87,11359,1649,0.01654900006542448,0.08215499974539853,0.10744299970610882,0.014564999673893908,0.46766900004513445,1,1184,26368,0.0,0.0
1779643468.4762123,3,ML-KEM-768,ML-DSA-87,11359,1649,0.013501000012183795,0.054668999837304,0.08807199992588721,0.014708999970025616,0.39204699987749336,1,1184,26368,0.0,0.0
1779643468.4767537,4,ML-KEM-768,ML-DSA-87,11359,1649,0.016169999980775174,0.0562239997634606,0.15451099989149952,0.01459399982195464,0.47851799990894506,1,1184,26368,0.0,0.0
1779643468.477224,5,ML-KEM-768,ML-DSA-87,11359,1649,0.016512999991391553,0.056257999858644325,0.07120000009308569,0.014964000001782551,0.3940010001315386,1,1184,26368,0.0,0.0
1779643468.4777367,6,ML-KEM-768,ML-DSA-87,11359,1649,0.017272000150114764,0.0598619999436778,0.10144799989575404,0.014971000382502098,0.43195099988224683,1,1184,26368,0.0,0.0
1779643468.4782412,7,ML-KEM-768,ML-DSA-87,11359,1649,0.01583599987498019,0.0555970000277739,0.09750399976837798,0.015078000160428928,0.43869799992535263,1,1184,26368,0.0,0.0
1779643468.4786983,8,ML-KEM-768,ML-DSA-87,11359,1649,0.013686000329471426,0.055856000017229235,0.07190799988165963,0.0162859996635234,0.4081359998053813,1,1184,26368,0.0,0.0
1779643468.479222,9,ML-KEM-768,ML-DSA-87,11359,1649,0.0196969999706198,0.061869999626651406,0.08942900012698374,0.014871000075800112,0.42851599982896005,1,1184,26368,0.0,0.0
1779643468.479886,10,ML-KEM-768,ML-DSA-87,11360,1650,0.014292999821918784,0.05497499978446285,0.08442200032732217,0.01535299998067785,0.5618969998977263,1,1184,26368,0.0,0.0
1779643468.4806275,11,ML-KEM-768,ML-DSA-87,11360,1650,0.03159000016239588,0.06329100006041699,0.1672639996286307,0.021724000362155493,0.667968000016117,1,1184,26368,0.0,0.0
1779643468.4812026,12,ML-KEM-768,ML-DSA-87,11360,1650,0.02065799981210148,0.08221099960792344,0.1222129999405297,0.016362000224035,0.5098060000818805,1,1184,26368,9.999999999999787,0.0
1779643468.4819438,13,ML-KEM-768,ML-DSA-87,11360,1650,0.019298000097478507,0.06187700000737095,0.11370499987606308,0.017331999970338074,0.629919999937556,1,1184,26368,0.0,0.0
1779643468.4824374,14,ML-KEM-768,ML-DSA-87,11360,1650,0.017656999716564314,0.05879400032426929,0.08607099971413845,0.014984999779699137,0.4266420000931248,1,1184,26368,0.0,0.0
1779643468.4829104,15,ML-KEM-768,ML-DSA-87,11360,1650,0.014351999652717495,0.05572700001721387,0.07179199974416406,0.0152769998749136,0.42150600029344787,1,1184,26368,0.0,0.0
1779643468.4833758,16,ML-KEM-768,ML-DSA-87,11360,1650,0.014032999843038851,0.05542799999602721,0.10264399998050067,0.014761999864276731,0.4144389999964915,1,1184,26368,0.0,0.0
1779643468.4838903,17,ML-KEM-768,ML-DSA-87,11360,1650,0.017765999928087695,0.05617299984805868,0.07089300015650224,0.014989000192144886,0.4218110002511821,1,1184,26368,0.0,0.0
1779643468.4843185,18,ML-KEM-768,ML-DSA-87,11360,1650,0.013717999991058605,0.05534799993256456,0.07116400001905276,0.014784000086365268,0.3793890000451938,1,1184,26368,0.0,0.0
1779643468.4847558,19,ML-KEM-768,ML-DSA-87,11360,1650,0.013348999800655292,0.05499700000655139,0.07038799958536401,0.014637999811384361,0.3751280000869883,1,1184,26368,0.0,0.0
1779643468.4852583,20,ML-KEM-768,ML-DSA-87,11360,1650,0.01720000000204891,0.059734999922511633,0.10636600018187892,0.014967999959480949,0.45231299964143545,1,1184,26368,0.0,0.0
1779643468.6300132,1,ML-KEM-768,SPHINCS+-SHA2-128s-simple,12267,1649,0.019062999854213558,16.413219000241952,127.41342300023462,0.02166800004488323,144.6011120001458,1,1184,26368,140.0000000000001,0.0
1779643468.7728105,2,ML-KEM-768,SPHINCS+-SHA2-128s-simple,12267,1649,0.019256000086897984,16.54192800015153,125.49088399964603,0.018764000287774252,142.7094579998993,1,1184,26368,149.99999999999991,0.0
1779643468.9145453,3,ML-KEM-768,SPHINCS+-SHA2-128s-simple,12267,1649,0.023005999992165016,16.18689099996118,124.72967099984089,0.01812999971662066,141.62019900004452,1,1184,26368,140.0000000000001,0.0
1779643469.065844,4,ML-KEM-768,SPHINCS+-SHA2-128s-simple,12267,1649,0.019039999642700423,16.53716600003463,133.98182800028735,0.022185000034369295,151.22002599991902,1,1184,26368,149.99999999999991,0.0
1779643469.2113733,5,ML-KEM-768,SPHINCS+-SHA2-128s-simple,12267,1649,0.028886000109196175,17.65238500001942,126.91717099960442,0.021373999970819568,145.34530999981143,1,1184,26368,150.00000000000034,0.0
1779643469.3591187,6,ML-KEM-768,SPHINCS+-SHA2-128s-simple,12267,1649,0.017870000192488078,17.65316699993491,129.3020359998991,0.022683000224787975,147.64992600021287,1,1184,26368,149.99999999999946,0.0
1779643469.5062337,7,ML-KEM-768,SPHINCS+-SHA2-128s-simple,12267,1649,0.017790999663702678,16.632477999792172,129.5876860003773,0.02157399967472884,147.03444899987517,1,1184,26368,140.00000000000057,0.0
1779643469.6510599,8,ML-KEM-768,SPHINCS+-SHA2-128s-simple,12267,1649,0.018353000086790416,18.304386000181694,125.76938600022913,0.01806699992812355,144.75102999995215,1,1184,26368,149.99999999999946,0.0
1779643469.79092,9,ML-KEM-768,SPHINCS+-SHA2-128s-simple,12267,1649,0.0207029997909558,16.01835800011031,122.99259700012044,0.024864999886631267,139.7102700002506,1,1184,26368,140.00000000000057,0.0
1779643469.9343457,10,ML-KEM-768,SPHINCS+-SHA2-128s-simple,12268,1650,0.020445000245672418,16.70852500001274,125.92615099993054,0.021058000129414722,143.34298399990075,1,1184,26368,149.99999999999946,0.0
1779643470.079308,11,ML-KEM-768,SPHINCS+-SHA2-128s-simple,12268,1650,0.01715400003376999,16.585069000029762,127.61550300001545,0.02112500033035758,144.88546899974608,1,1184,26368,140.00000000000057,0.0
1779643470.2216437,12,ML-KEM-768,SPHINCS+-SHA2-128s-simple,12268,1650,0.024205000045185443,16.927831999964837,124.55072099965037,0.018634000298334286,142.1754719999626,1,1184,26368,139.9999999999997,0.0
1779643470.3631625,13,ML-KEM-768,SPHINCS+-SHA2-128s-simple,12268,1650,0.02174500014007208,16.56689199990069,124.04495000009774,0.021606999780487968,141.36536400019395,1,1184,26368,150.00000000000034,0.0
1779643470.5125945,14,ML-KEM-768,SPHINCS+-SHA2-128s-simple,12268,1650,0.03601000025810208,16.361595000034868,132.20060499998,0.023119999696064042,149.3392769998536,1,1184,26368,149.99999999999946,0.0
1779643470.6654596,15,ML-KEM-768,SPHINCS+-SHA2-128s-simple,12268,1650,0.020466000023589004,17.88364599997294,134.08514499997182,0.02321900001334143,152.7642510000078,1,1184,26368,150.00000000000034,0.0
1779643470.8208332,16,ML-KEM-768,SPHINCS+-SHA2-128s-simple,12268,1650,0.01977300007638405,18.04090699988592,136.496724999688,0.02180799992856919,155.29272100002345,1,1184,26368,160.00000000000014,0.0
1779643470.97506,17,ML-KEM-768,SPHINCS+-SHA2-128s-simple,12268,1650,0.025289999939559493,18.008821999956126,135.21829599994817,0.04402600006869761,154.06342999995104,1,1184,26368,149.99999999999946,0.0
1779643471.123195,18,ML-KEM-768,SPHINCS+-SHA2-128s-simple,12268,1650,0.021816999833390582,17.089761000079307,130.2212329997019,0.021547999949689256,148.05225300005986,1,1184,26368,150.00000000000034,0.0
1779643471.270321,19,ML-KEM-768,SPHINCS+-SHA2-128s-simple,12268,1650,0.02062399971691775,17.604692000077193,128.74488899979042,0.01907499972730875,147.04506599991873,1,1184,26368,149.99999999999946,0.0
1779643471.4150379,20,ML-KEM-768,SPHINCS+-SHA2-128s-simple,12268,1650,0.024616999780846527,15.405589999772928,128.4977219997927,0.017452000065532047,144.56391900012022,1,1184,26368,140.00000000000057,0.0
1779643471.422783,1,ML-KEM-768,SPHINCS+-SHA2-128f-simple,24575,1649,0.022248000277613755,0.2554849997977726,6.314108999958989,0.021378999917942565,7.542920999640046,1,1184,26368,9.999999999999787,0.0
1779643471.4303572,2,ML-KEM-768,SPHINCS+-SHA2-128f-simple,24575,1649,0.01870300002337899,0.24438199989162968,6.337527000141563,0.023316999886446865,7.49073099996167,1,1184,26368,9.999999999999787,0.0
1779643471.438385,3,ML-KEM-768,SPHINCS+-SHA2-128f-simple,24575,1649,0.017452000065532047,0.2726909997363691,6.676051999875199,0.01792600005501299,7.959305999975186,1,1184,26368,9.999999999999787,0.0
1779643471.4460006,4,ML-KEM-768,SPHINCS+-SHA2-128f-simple,24575,1649,0.016925999716477236,0.2750050002759963,6.319834999885643,0.021207999907346675,7.544413000232453,1,1184,26368,0.0,0.0
1779643471.4537697,5,ML-KEM-768,SPHINCS+-SHA2-128f-simple,24575,1649,0.02261300005557132,0.2638930000102846,6.3396499999726075,0.01917100007631234,7.626883999819256,1,1184,26368,10.000000000000675,0.0
1779643471.4616098,6,ML-KEM-768,SPHINCS+-SHA2-128f-simple,24575,1649,0.017800000023271423,0.2740169998105557,6.537486000070203,0.017516000298201106,7.767580999825441,1,1184,26368,9.999999999999787,0.0
1779643471.46921,7,ML-KEM-768,SPHINCS+-SHA2-128f-simple,24575,1649,0.01769800019246759,0.2670240000952617,6.344307999825105,0.02036099976976402,7.5251860002936155,1,1184,26368,9.999999999999787,0.0
1779643471.476811,8,ML-KEM-768,SPHINCS+-SHA2-128f-simple,24575,1649,0.01701600012893323,0.2591009997559013,6.393444999957865,0.021051999738119775,7.528381000156514,1,1184,26368,9.999999999999787,0.0
1779643471.4846008,9,ML-KEM-768,SPHINCS+-SHA2-128f-simple,24575,1649,0.021456000013131415,0.2751299998635659,6.486023999968893,0.02033300006587524,7.629551999798423,1,1184,26368,0.0,0.0
1779643471.492372,10,ML-KEM-768,SPHINCS+-SHA2-128f-simple,24576,1650,0.016075000075943535,0.2716240001063852,6.580319000022428,0.02104500026689493,7.702792000145564,1,1184,26368,10.000000000000675,0.0
1779643471.5002387,11,ML-KEM-768,SPHINCS+-SHA2-128f-simple,24576,1650,0.020434999896679074,0.28355699987514527,6.621295000059035,0.021203999949648278,7.796104000135529,1,1184,26368,9.999999999999787,0.0
1779643471.5079682,12,ML-KEM-768,SPHINCS+-SHA2-128f-simple,24576,1650,0.01960300005521276,0.27734800005418947,6.546727000113606,0.020524999854387715,7.6625509996119945,1,1184,26368,9.999999999999787,0.0
1779643471.5158865,13,ML-KEM-768,SPHINCS+-SHA2-128f-simple,24576,1650,0.0189209999916784,0.27254299993728637,6.491519000064727,0.022744000034435885,7.795307999913348,1,1184,26368,0.0,0.0
1779643471.5236678,14,ML-KEM-768,SPHINCS+-SHA2-128f-simple,24576,1650,0.017396000203007134,0.27410799975768896,6.458813999870472,0.020071999642823357,7.683835000079853,1,1184,26368,9.999999999999787,0.0
1779643471.5312798,15,ML-KEM-768,SPHINCS+-SHA2-128f-simple,24576,1650,0.019359999896551017,0.26656699992599897,6.40409700008604,0.01792700004443759,7.538779000242357,1,1184,26368,10.000000000000675,0.0
1779643471.5393922,16,ML-KEM-768,SPHINCS+-SHA2-128f-simple,24576,1650,0.01617699990674737,0.27037600011681207,6.7248630002723075,0.020095999843761092,8.046628000101919,1,1184,26368,9.999999999999787,0.0
1779643471.5472362,17,ML-KEM-768,SPHINCS+-SHA2-128f-simple,24576,1650,0.022128000182419783,0.3002250000463391,6.40334299987444,0.02027200025622733,7.707538999966346,1,1184,26368,9.999999999999787,0.0
1779643471.554029,18,ML-KEM-768,SPHINCS+-SHA2-128f-simple,24576,1650,0.015970999811543152,0.23758499992254656,5.692773000191664,0.018992000150319654,6.726603000061004,1,1184,26368,0.0,0.0
1779643471.5617175,19,ML-KEM-768,SPHINCS+-SHA2-128f-simple,24576,1650,0.01747900023474358,0.2592390001154854,6.483215000116616,0.018105999970430275,7.620459999998275,1,1184,26368,9.999999999999787,0.0
1779643471.5695522,20,ML-KEM-768,SPHINCS+-SHA2-128f-simple,24576,1650,0.015841999811527785,0.27118999969388824,6.537615000070218,0.021070999991934514,7.76551000035397,1,1184,26368,10.000000000000675,0.0
1779643471.5702271,1,ML-KEM-1024,ML-DSA-44,7224,2290,0.04781699999512057,0.03234699988752254,0.05410900030256016,0.021407000076578697,0.4542110000329558,1,1568,26692,0.0,0.0
1779643471.5706317,2,ML-KEM-1024,ML-DSA-44,7224,2290,0.018676999843592057,0.02532399957999587,0.07569400031570694,0.020960999790986534,0.34784599984050146,1,1568,26692,0.0,0.0
1779643471.5709999,3,ML-KEM-1024,ML-DSA-44,7224,2290,0.018211000224255258,0.02416100005575572,0.0553720001335023,0.020210999991832068,0.3177909998157702,1,1568,26692,0.0,0.0
1779643471.5714598,4,ML-KEM-1024,ML-DSA-44,7224,2290,0.017688999832898844,0.02451799991831649,0.11809399984485935,0.021225999716989463,0.4075510000802751,1,1568,26692,0.0,0.0
1779643471.5718768,5,ML-KEM-1024,ML-DSA-44,7224,2290,0.0214789997698972,0.02604200017231051,0.03881500015268102,0.020141000277362764,0.3230349998375459,1,1568,26692,0.0,0.0
1779643471.572268,6,ML-KEM-1024,ML-DSA-44,7224,2290,0.017994999780057697,0.023748999865347287,0.08447900017927168,0.020170999960100744,0.34088699976564385,1,1568,26692,0.0,0.0
1779643471.572654,7,ML-KEM-1024,ML-DSA-44,7224,2290,0.018094000097335083,0.033400000120309414,0.046907000069040805,0.021551999907387653,0.33762199973352836,1,1568,26692,0.0,0.0
1779643471.573019,8,ML-KEM-1024,ML-DSA-44,7224,2290,0.017626000044401735,0.024173999918275513,0.055964999774005264,0.020461000076466007,0.3164799995829526,1,1568,26692,0.0,0.0
1779643471.573544,9,ML-KEM-1024,ML-DSA-44,7224,2290,0.020785999822692247,0.025390999780938728,0.13855799988959916,0.02096800017170608,0.44149600034870673,1,1568,26692,0.0,0.0
1779643471.5739195,10,ML-KEM-1024,ML-DSA-44,7225,2291,0.018278999959875364,0.024176000351872062,0.06106899991209502,0.020809000034205383,0.32561499983785325,1,1568,26692,0.0,0.0
1779643471.574323,11,ML-KEM-1024,ML-DSA-44,7225,2291,0.018218999684904702,0.024263999875984155,0.09479799973632907,0.020499000129348133,0.35556199964048574,1,1568,26692,0.0,0.0
1779643471.5746984,12,ML-KEM-1024,ML-DSA-44,7225,2291,0.017797000054997625,0.023875999886513455,0.06824799993410124,0.020382999991852557,0.32654500000717235,1,1568,26692,0.0,0.0
1779643471.5751028,13,ML-KEM-1024,ML-DSA-44,7225,2291,0.021221000224613817,0.02515400001357193,0.038157999824761646,0.02084399966406636,0.3126880001218524,1,1568,26692,0.0,0.0
1779643471.575543,14,ML-KEM-1024,ML-DSA-44,7225,2291,0.017872000171337277,0.027004000003216788,0.04004700031146058,0.021365999600675423,0.3340800003570621,1,1568,26692,0.0,0.0
1779643471.5761185,15,ML-KEM-1024,ML-DSA-44,7225,2291,0.039201000163302524,0.04065199982505874,0.13898799988965038,0.021842000023752917,0.5126629998812859,1,1568,26692,0.0,0.0
1779643471.5765555,16,ML-KEM-1024,ML-DSA-44,7225,2291,0.018537999949330697,0.024881000172172207,0.11121599982288899,0.021242000002530403,0.3840960002889915,1,1568,26692,0.0,0.0
1779643471.5769958,17,ML-KEM-1024,ML-DSA-44,7225,2291,0.021831000140082324,0.02608700015116483,0.05721300021832576,0.021209999886195874,0.34263999987160787,1,1568,26692,0.0,0.0
1779643471.5774343,18,ML-KEM-1024,ML-DSA-44,7225,2291,0.01854799984357669,0.0256670000453596,0.0907240000742604,0.021503999960259534,0.38712500008841744,1,1568,26692,0.0,0.0
1779643471.5780692,19,ML-KEM-1024,ML-DSA-44,7225,2291,0.04027599970868323,0.032529000236536376,0.05006299988963292,0.022167000224726507,0.5237509999460599,1,1568,26692,0.0,0.0
1779643471.5784965,20,ML-KEM-1024,ML-DSA-44,7225,2291,0.020173999928374542,0.025690999791549984,0.08686899991516839,0.021671000013157027,0.36630800013881526,1,1568,26692,0.0,0.0
1779643471.5791874,1,ML-KEM-1024,ML-DSA-65,9260,2290,0.023177999992185505,0.0801050000518444,0.10413900008643395,0.02231600001323386,0.531230999968102,1,1568,26692,0.0,0.0
1779643471.5800083,2,ML-KEM-1024,ML-DSA-65,9260,2290,0.06711600008202367,0.05886899998586159,0.21242100001472863,0.03531299989845138,0.7559289997516316,1,1568,26692,0.0,10.0
1779643471.580491,3,ML-KEM-1024,ML-DSA-65,9260,2290,0.02233099985460285,0.04195600013190415,0.08124700025291531,0.021653999738191487,0.41820700016614865,1,1568,26692,0.0,0.0
1779643471.5810037,4,ML-KEM-1024,ML-DSA-65,9260,2290,0.02248600003440515,0.04125399982513045,0.08548200003133388,0.019894000161002623,0.40304499998455867,1,1568,26692,0.0,0.0
1779643471.5815883,5,ML-KEM-1024,ML-DSA-65,9260,2290,0.021229000140010612,0.038949999634496635,0.14019600030223955,0.022879999960423447,0.49123999997391365,1,1568,26692,0.0,0.0
1779643471.5820427,6,ML-KEM-1024,ML-DSA-65,9260,2290,0.019254000108048785,0.03841299985651858,0.10813099970619078,0.01968200012925081,0.4033489999528683,1,1568,26692,0.0,0.0
1779643471.5824673,7,ML-KEM-1024,ML-DSA-65,9260,2290,0.02059800044662552,0.03927299985662103,0.05142800000612624,0.019691000034072204,0.3527359999679902,1,1568,26692,0.0,0.0
1779643471.5831544,8,ML-KEM-1024,ML-DSA-65,9260,2290,0.022702000023855362,0.040141999761544866,0.25064500005100854,0.021111000023665838,0.5957829998806119,1,1568,26692,0.0,0.0
1779643471.583679,9,ML-KEM-1024,ML-DSA-65,9260,2290,0.020770999981323257,0.03849600034300238,0.1141389998338127,0.01944799987541046,0.44236700023247977,1,1568,26692,0.0,0.0
1779643471.5841203,10,ML-KEM-1024,ML-DSA-65,9261,2291,0.016962000245257514,0.0368340001841716,0.11305099997116486,0.01922999990711105,0.39321399981417926,1,1568,26692,0.0,0.0
1779643471.5845752,11,ML-KEM-1024,ML-DSA-65,9261,2291,0.01684100016063894,0.036811999962083064,0.06752200033588451,0.021718999960285146,0.4055720000906149,1,1568,26692,0.0,0.0
1779643471.585051,12,ML-KEM-1024,ML-DSA-65,9261,2291,0.019612999949458754,0.03814000001511886,0.1319599996350007,0.018445000023348257,0.42767800005094614,1,1568,26692,0.0,0.0
1779643471.5856154,13,ML-KEM-1024,ML-DSA-65,9261,2291,0.01955600009750924,0.037682000311178854,0.12734099982480984,0.018892999833042268,0.4859809996560216,1,1568,26692,0.0,0.0
1779643471.5860105,14,ML-KEM-1024,ML-DSA-65,9261,2291,0.017001999822241487,0.036294999972597,0.061703000028501265,0.01859299982243101,0.3423900002417213,1,1568,26692,9.999999999999787,0.0
1779643471.5865324,15,ML-KEM-1024,ML-DSA-65,9261,2291,0.01645800011829124,0.035134999961883295,0.17463899985159514,0.020994999886170262,0.47664799967606086,1,1568,26692,0.0,0.0
1779643471.5869346,16,ML-KEM-1024,ML-DSA-65,9261,2291,0.017350000234728213,0.035990000014862744,0.04781200004799757,0.018617000023368746,0.3577439997570764,1,1568,26692,0.0,0.0
1779643471.5877278,17,ML-KEM-1024,ML-DSA-65,9261,2291,0.020106000192754436,0.037835000057384605,0.4236680001667992,0.019177000012859935,0.7154360000640736,1,1568,26692,0.0,0.0
1779643471.5881598,18,ML-KEM-1024,ML-DSA-65,9261,2291,0.01677899990681908,0.035509000099409604,0.04892100014330936,0.020709999716927996,0.3815669997493387,1,1568,26692,0.0,0.0
1779643471.5885394,19,ML-KEM-1024,ML-DSA-65,9261,2291,0.01695299988568877,0.03711299996211892,0.05012700012230198,0.018264000118506374,0.32788999988042633,1,1568,26692,0.0,0.0
1779643471.5890968,20,ML-KEM-1024,ML-DSA-65,9261,2291,0.016125999991345452,0.0349709998772596,0.21096000000397908,0.018526999610912753,0.5138989999977639,1,1568,26692,0.0,0.0
1779643471.5897853,1,ML-KEM-1024,ML-DSA-87,11872,2290,0.020190000213915482,0.09547999979986344,0.12139199998273398,0.032127999929798534,0.5486669997480931,1,1568,26692,0.0,0.0
1779643471.5902815,2,ML-KEM-1024,ML-DSA-87,11872,2290,0.018384000213700347,0.05453600033433759,0.08972999967227224,0.019157999759045197,0.445361999936722,1,1568,26692,0.0,0.0
1779643471.5907376,3,ML-KEM-1024,ML-DSA-87,11872,2290,0.01622399986445089,0.05297400002746144,0.09953000017048907,0.01851699971666676,0.4106839996893541,1,1568,26692,0.0,0.0
1779643471.591169,4,ML-KEM-1024,ML-DSA-87,11872,2290,0.016149999737535836,0.053298000239010435,0.06841799995527253,0.01916800010803854,0.3859319999719446,1,1568,26692,0.0,0.0
1779643471.5918572,5,ML-KEM-1024,ML-DSA-87,11872,2290,0.022702000023855362,0.06086200028221356,0.22159899981488707,0.018940999780170387,0.6065630000193778,1,1568,26692,0.0,0.0
1779643471.5923672,6,ML-KEM-1024,ML-DSA-87,11872,2290,0.016792000224086223,0.05341199994290946,0.13926100018579746,0.019266999970568577,0.4625540000233741,1,1568,26692,0.0,0.0
1779643471.5928473,7,ML-KEM-1024,ML-DSA-87,11872,2290,0.01685600000200793,0.05971300015517045,0.07241000002977671,0.01915500024551875,0.43410699981905054,1,1568,26692,0.0,0.0
1779643471.5933182,8,ML-KEM-1024,ML-DSA-87,11872,2290,0.017419999949197518,0.053652000133297406,0.0987830003396084,0.018816000192600768,0.4245499999342428,1,1568,26692,0.0,0.0
1779643471.59383,9,ML-KEM-1024,ML-DSA-87,11872,2290,0.01968100013982621,0.059562999922491144,0.0710369999978866,0.018785000065690838,0.4281589999663993,1,1568,26692,0.0,0.0
1779643471.5942595,10,ML-KEM-1024,ML-DSA-87,11873,2291,0.016106000202853465,0.053080999805388274,0.06867000001875567,0.018570000065665226,0.38289700023597106,1,1568,26692,0.0,0.0
1779643471.5948677,11,ML-KEM-1024,ML-DSA-87,11873,2291,0.016820999917399604,0.05430200008049724,0.1639249999243475,0.01923299987538485,0.5517750000763044,1,1568,26692,0.0,0.0
1779643471.5953164,12,ML-KEM-1024,ML-DSA-87,11873,2291,0.016694999885658035,0.05533200010177097,0.08454799990431638,0.018480999642633833,0.40116300033332664,1,1568,26692,0.0,0.0
1779643471.5959792,13,ML-KEM-1024,ML-DSA-87,11873,2291,0.01915300026666955,0.0590150002608425,0.21610400017380016,0.018622999959916342,0.5764190000263625,1,1568,26692,9.999999999999787,0.0
1779643471.596483,14,ML-KEM-1024,ML-DSA-87,11873,2291,0.016029000107664615,0.053033999847684754,0.12271500008864678,0.020202000087010674,0.45069199995850795,1,1568,26692,0.0,0.0
1779643471.5969236,15,ML-KEM-1024,ML-DSA-87,11873,2291,0.016588000107731204,0.05329299983714009,0.08532700030627893,0.01880999980130582,0.39707799987809267,1,1568,26692,0.0,0.0
1779643471.597354,16,ML-KEM-1024,ML-DSA-87,11873,2291,0.015656999948987504,0.052352000238897745,0.08482500015816186,0.01831800000218209,0.38949100007812376,1,1568,26692,0.0,0.0
1779643471.597868,17,ML-KEM-1024,ML-DSA-87,11873,2291,0.019100999907095684,0.05617499982690788,0.10161399995922693,0.018606000139698153,0.4298690000723582,1,1568,26692,0.0,0.0
1779643471.5983274,18,ML-KEM-1024,ML-DSA-87,11873,2291,0.016776999927969882,0.055344999964290764,0.07175299970185733,0.020685999970737612,0.41168500001731445,1,1568,26692,0.0,0.0
1779643471.5988896,19,ML-KEM-1024,ML-DSA-87,11873,2291,0.017024000044330023,0.06657599988102447,0.16462599978694925,0.018479000118531985,0.514101999669947,1,1568,26692,0.0,0.0
1779643471.5993743,20,ML-KEM-1024,ML-DSA-87,11873,2291,0.016465000044263434,0.05305300010149949,0.12830899959226372,0.018804999854182824,0.44183799991515116,1,1568,26692,0.0,0.0
1779643471.7502284,1,ML-KEM-1024,SPHINCS+-SHA2-128s-simple,12780,2290,0.019280999822512968,16.122099999847705,133.747155999572,0.02842699996108422,150.71744000033505,1,1568,26692,150.00000000000034,0.0
1779643471.899388,2,ML-KEM-1024,SPHINCS+-SHA2-128s-simple,12780,2290,0.021876000118936645,18.534471000293706,129.82061100001374,0.02555900027800817,149.07704100005503,1,1568,26692,149.99999999999946,0.0
1779643472.0421827,3,ML-KEM-1024,SPHINCS+-SHA2-128s-simple,12780,2290,0.019937000161007745,16.48200799991173,125.55343899975924,0.025211999854946043,142.71436999979414,1,1568,26692,140.00000000000057,0.0
1779643472.1838746,4,ML-KEM-1024,SPHINCS+-SHA2-128s-simple,12780,2290,0.019141999928251607,15.937771000153589,124.96062499985783,0.03015200036315946,141.61486900002274,1,1568,26692,149.99999999999946,0.0
1779643472.325141,5,ML-KEM-1024,SPHINCS+-SHA2-128s-simple,12780,2290,0.029117999929439975,17.098469999837107,123.23140599983162,0.02650400028869626,141.09292900002401,1,1568,26692,140.00000000000057,0.0
1779643472.471674,6,ML-KEM-1024,SPHINCS+-SHA2-128s-simple,12780,2290,0.022852000256534666,16.520639999725972,129.23733800016635,0.02593199997136253,146.45509299998594,1,1568,26692,149.99999999999946,0.0
1779643472.61513,7,ML-KEM-1024,SPHINCS+-SHA2-128s-simple,12780,2290,0.019994000012957258,16.6387429999304,126.06445299979896,0.01994099966395879,143.38985099993806,1,1568,26692,140.00000000000057,0.0
1779643472.7583103,8,ML-KEM-1024,SPHINCS+-SHA2-128s-simple,12780,2290,0.018582999928185018,16.219993000049726,126.21370500028206,0.025642000309744617,143.10726700023224,1,1568,26692,139.9999999999997,0.0
1779643472.903637,9,ML-KEM-1024,SPHINCS+-SHA2-128s-simple,12780,2290,0.06694600006085238,16.474281000228075,127.94772899997042,0.022788000023865607,145.14112400001977,1,1568,26692,149.99999999999946,0.0
1779643473.0447698,10,ML-KEM-1024,SPHINCS+-SHA2-128s-simple,12781,2291,0.02121799980159267,15.805194999757077,124.58106099984434,0.021360000118875178,141.0582820003583,1,1568,26692,140.00000000000057,0.0
1779643473.1870823,11,ML-KEM-1024,SPHINCS+-SHA2-128s-simple,12781,2291,0.022796999928687,16.149557000062487,125.35041599994656,0.024280000161525095,142.21992800003136,1,1568,26692,140.00000000000057,0.0
1779643473.3294606,12,ML-KEM-1024,SPHINCS+-SHA2-128s-simple,12781,2291,0.01962099986485555,16.879959000107192,124.70675599979586,0.027996999961032998,142.3015860000305,1,1568,26692,149.99999999999858,0.0
1779643473.4723866,13,ML-KEM-1024,SPHINCS+-SHA2-128s-simple,12781,2291,0.025529999675200088,16.41766800003097,125.5773230000159,0.026905000140686752,142.7734359999704,1,1568,26692,140.00000000000057,0.0
1779643473.6150873,14,ML-KEM-1024,SPHINCS+-SHA2-128s-simple,12781,2291,0.033337999866489554,17.07122200014055,124.75363799967454,0.025895999897329602,142.61610799985647,1,1568,26692,150.00000000000034,0.0
1779643473.757441,15,ML-KEM-1024,SPHINCS+-SHA2-128s-simple,12781,2291,0.020350999875518028,16.322639000009076,125.22730599994247,0.025131000256806146,142.27578100008031,1,1568,26692,140.00000000000057,0.0
1779643473.90486,16,ML-KEM-1024,SPHINCS+-SHA2-128s-simple,12781,2291,0.021253999875625595,16.437621000022773,130.19491099976221,0.023752999823045684,147.34371000031388,1,1568,26692,149.99999999999858,0.0
1779643474.0545874,17,ML-KEM-1024,SPHINCS+-SHA2-128s-simple,12781,2291,0.027305999992677243,17.642434999743273,131.19276099996569,0.026759999855130445,149.57765499957532,1,1568,26692,150.00000000000034,0.0
1779643474.2057006,18,ML-KEM-1024,SPHINCS+-SHA2-128s-simple,12781,2291,0.02011600008700043,17.50972100035142,132.82117300013851,0.024616999780846527,151.0328849999496,1,1568,26692,150.00000000000034,0.0
1779643474.3588827,19,ML-KEM-1024,SPHINCS+-SHA2-128s-simple,12781,2291,0.020340999981272034,17.289142000208813,134.8881449998771,0.027616000352281844,153.10342100019625,1,1568,26692,150.00000000000034,0.0
1779643474.5028186,20,ML-KEM-1024,SPHINCS+-SHA2-128s-simple,12781,2291,0.02216500024587731,16.096890999961033,127.04321899991555,0.025146000098175136,143.84968200010917,1,1568,26692,150.00000000000034,0.0
1779643474.5103517,1,ML-KEM-1024,SPHINCS+-SHA2-128f-simple,25088,2290,0.027965999834123068,0.2776689998427173,5.923067999901832,0.02720400016187341,7.320349000110582,1,1568,26692,9.999999999999787,0.0
1779643474.5179026,2,ML-KEM-1024,SPHINCS+-SHA2-128f-simple,25088,2290,0.025849999929050682,0.2600000002530578,6.203401000220765,0.02675399991858285,7.474652999917453,1,1568,26692,0.0,0.0
1779643474.5257974,3,ML-KEM-1024,SPHINCS+-SHA2-128f-simple,25088,2290,0.025127999833784997,0.28038000027663657,6.583432999832439,0.0278369998341077,7.815599999958067,1,1568,26692,9.999999999999787,0.0
1779643474.5339575,4,ML-KEM-1024,SPHINCS+-SHA2-128f-simple,25088,2290,0.02694099975997233,0.27963499996985774,6.746680000105698,0.027661999865813414,8.005935999790381,1,1568,26692,9.999999999999787,0.0
1779643474.541617,5,ML-KEM-1024,SPHINCS+-SHA2-128f-simple,25088,2290,0.02475100018273224,0.26551500013738405,6.370811000124377,0.02558799997132155,7.513039000059507,1,1568,26692,9.999999999999787,0.0
1779643474.549101,6,ML-KEM-1024,SPHINCS+-SHA2-128f-simple,25088,2290,0.019905000044673216,0.27654799987431034,6.306302000211872,0.025785999696381623,7.4107079999521375,1,1568,26692,0.0,0.0
1779643474.5568676,7,ML-KEM-1024,SPHINCS+-SHA2-128f-simple,25088,2290,0.019693000012921402,0.2705179999793472,6.562618000316434,0.025305000235675834,7.700682000177039,1,1568,26692,9.999999999999787,0.0
1779643474.5648565,8,ML-KEM-1024,SPHINCS+-SHA2-128f-simple,25088,2290,0.019795999833149835,0.2855499997167499,6.741126999713742,0.02645899985509459,7.924692999949912,1,1568,26692,9.999999999999787,0.0
1779643474.5729258,9,ML-KEM-1024,SPHINCS+-SHA2-128f-simple,25088,2290,0.026246999823342776,0.2786619998005335,6.689954999728798,0.029087999791954644,7.9057019997890166,1,1568,26692,9.999999999999787,0.0
1779643474.5806127,10,ML-KEM-1024,SPHINCS+-SHA2-128f-simple,25089,2291,0.02382399998168694,0.2647869996508234,6.403925000086019,0.02596100011942326,7.611091000399028,1,1568,26692,10.000000000001563,0.0
1779643474.588214,11,ML-KEM-1024,SPHINCS+-SHA2-128f-simple,25089,2291,0.024292000034620287,0.26536599989412935,6.4089970001077745,0.022851000267110066,7.52559000011388,1,1568,26692,0.0,0.0
1779643474.596171,12,ML-KEM-1024,SPHINCS+-SHA2-128f-simple,25089,2291,0.019751000309042865,0.2710710000428662,6.533809000302426,0.02409899980193586,7.8912190001574345,1,1568,26692,9.999999999999787,0.0
1779643474.6035244,13,ML-KEM-1024,SPHINCS+-SHA2-128f-simple,25089,2291,0.02638200021465309,0.2885079998122819,6.111327999860805,0.022668999918096233,7.216809000055946,1,1568,26692,9.999999999999787,0.0
1779643474.6103134,14,ML-KEM-1024,SPHINCS+-SHA2-128f-simple,25089,2291,0.017687999843474245,0.24417499980700086,5.677000000105181,0.024585000119259348,6.7180200003349455,1,1568,26692,9.999999999999787,0.0
1779643474.6173398,15,ML-KEM-1024,SPHINCS+-SHA2-128f-simple,25089,2291,0.0185349999810569,0.24894699981814483,5.876426000213542,0.02290900010848418,6.9671139999627485,1,1568,26692,0.0,0.0
1779643474.6243503,16,ML-KEM-1024,SPHINCS+-SHA2-128f-simple,25089,2291,0.019873999917763285,0.23655900031371857,5.86271600013788,0.024371000108658336,6.945876999907341,1,1568,26692,9.999999999999787,0.0
1779643474.631945,17,ML-KEM-1024,SPHINCS+-SHA2-128f-simple,25089,2291,0.02298500021424843,0.24312400000781054,6.293309000284353,0.025564999759808416,7.434566000029008,1,1568,26692,9.999999999999787,0.0
1779643474.6392932,18,ML-KEM-1024,SPHINCS+-SHA2-128f-simple,25089,2291,0.01998900006583426,0.2596809999886318,6.082895999952598,0.021001999812142458,7.279301999915333,1,1568,26692,0.0,0.0
1779643474.646657,19,ML-KEM-1024,SPHINCS+-SHA2-128f-simple,25089,2291,0.019345000055182027,0.2470730000823096,6.207073000041419,0.021783999727631453,7.291813999927399,1,1568,26692,9.999999999999787,0.0
1779643474.6537578,20,ML-KEM-1024,SPHINCS+-SHA2-128f-simple,25089,2291,0.019533999875420704,0.25275100006183493,6.008147000102326,0.02450199963277555,7.037278000098013,1,1568,26692,9.999999999999787,0.0
