ts_unix,alg_family,alg_name,alg_type,iteration,keygen_time_ms,sign_time_ms,verify_time_ms,sig_bytes,pk_bytes,verify_ok
1779643513.1843698,RSA,RSA-2048,classical,1,63.348233999931836,1.1415240001042548,0.03697800002555596,256,294,1
1779643513.2376368,RSA,RSA-2048,classical,2,52.444996000303945,0.706144999639946,0.03162700022585341,256,294,1
1779643513.2698839,RSA,RSA-2048,classical,3,31.359591000182263,0.7701790000282926,0.03821500013145851,256,294,1
1779643513.285451,RSA,RSA-2048,classical,4,14.724363000368612,0.7374750002782093,0.033649000215518754,256,294,1
1779643513.311788,RSA,RSA-2048,classical,5,25.47878599989417,0.7456800003637909,0.034886999856098555,256,294,1
1779643513.3373103,RSA,RSA-2048,classical,6,24.679838999873027,0.7297590000234777,0.0355869997292757,256,294,1
1779643513.3534427,RSA,RSA-2048,classical,7,15.224409999973432,0.793559000157984,0.03910299983544974,256,294,1
1779643513.3853564,RSA,RSA-2048,classical,8,31.15053200008333,0.6587210000361665,0.029088000246701995,256,294,1
1779643513.4034104,RSA,RSA-2048,classical,9,17.27171199991062,0.6915199996910815,0.04207700021652272,256,294,1
1779643513.4584718,RSA,RSA-2048,classical,10,54.11111700004767,0.7999019999260781,0.05538400000659749,256,294,1
1779643513.4962218,RSA,RSA-2048,classical,11,36.82106299993393,0.7450889997926424,0.03598300008889055,256,294,1
1779643513.5288696,RSA,RSA-2048,classical,12,31.83712899999591,0.7011399998191337,0.032579000162513694,256,294,1
1779643513.565237,RSA,RSA-2048,classical,13,35.520420000011654,0.7349279999289138,0.03546599964465713,256,294,1
1779643513.6190963,RSA,RSA-2048,classical,14,53.03171300010945,0.7083330001478316,0.035881000258086715,256,294,1
1779643513.6660025,RSA,RSA-2048,classical,15,46.04285000004893,0.7483150002371985,0.033969000014622,256,294,1
1779643513.7070837,RSA,RSA-2048,classical,16,40.289506999670266,0.6750940001438721,0.031705999845144106,256,294,1
1779643513.8006346,RSA,RSA-2048,classical,17,92.68891300007454,0.7486019999305427,0.034125999718526145,256,294,1
1779643513.886002,RSA,RSA-2048,classical,18,84.5085900000413,0.7453829998667061,0.035631000173452776,256,294,1
1779643513.8955767,RSA,RSA-2048,classical,19,8.77523300005123,0.7074059999467863,0.03424599981372012,256,294,1
1779643513.9211602,RSA,RSA-2048,classical,20,24.72683700034395,0.7492600002478866,0.033116999929916346,256,294,1
1779643513.976608,RSA,RSA-2048,classical,21,54.502122000030795,0.7606649996887427,0.0377640003534907,256,294,1
1779643513.985674,RSA,RSA-2048,classical,22,8.266728999842599,0.7064569999783998,0.03693100006785244,256,294,1
1779643514.0107574,RSA,RSA-2048,classical,23,24.203817999932653,0.7825269999557349,0.039043000015226426,256,294,1
1779643514.0747924,RSA,RSA-2048,classical,24,63.189909999891825,0.7301929999812273,0.03573699996195501,256,294,1
1779643514.1558125,RSA,RSA-2048,classical,25,80.21830000006958,0.6904639999447681,0.03457399998296751,256,294,1
1779643514.2026725,RSA,RSA-2048,classical,26,45.95810499995423,0.763000999995711,0.06073199983802624,256,294,1
1779643514.229407,RSA,RSA-2048,classical,27,25.86181700007728,0.7576940001854382,0.03735900008905446,256,294,1
1779643514.2636595,RSA,RSA-2048,classical,28,33.29163600028551,0.8246560000770842,0.051623000217659865,256,294,1
1779643514.276803,RSA,RSA-2048,classical,29,12.085278000085964,0.8832779999465856,0.04996699999537668,256,294,1
1779643514.3078604,RSA,RSA-2048,classical,30,30.21575100001428,0.7332790000873501,0.03286300034233136,256,294,1
1779643514.3892698,RSA,RSA-2048,classical,31,80.41118799974356,0.7894029999988561,0.060648000271612545,256,294,1
1779643514.400938,RSA,RSA-2048,classical,32,10.911277000104747,0.6655110000792774,0.03275400013080798,256,294,1
1779643514.4606292,RSA,RSA-2048,classical,33,57.711367000138125,1.8480140001884138,0.06447299983847188,256,294,1
1779643514.4719605,RSA,RSA-2048,classical,34,10.46479599972372,0.7568329997411638,0.03633999995145132,256,294,1
1779643514.5179482,RSA,RSA-2048,classical,35,45.00939699983064,0.8443140000053972,0.04981199981557438,256,294,1
1779643514.5404227,RSA,RSA-2048,classical,36,21.605856999940443,0.7451870001204952,0.03832299989880994,256,294,1
1779643514.6155396,RSA,RSA-2048,classical,37,74.30373299985149,0.7248819997585088,0.03166399983456358,256,294,1
1779643514.636039,RSA,RSA-2048,classical,38,19.526175999999396,0.845139999910316,0.07622699968123925,256,294,1
1779643514.6975644,RSA,RSA-2048,classical,39,60.64081900012752,0.772335999954521,0.03713199976118631,256,294,1
1779643514.7410457,RSA,RSA-2048,classical,40,42.65399499990963,0.740663000215136,0.03478799999356852,256,294,1
1779643514.7529185,RSA,RSA-2048,classical,41,11.014379999778612,0.73280300011902,0.03283499972894788,256,294,1
1779643514.8024275,RSA,RSA-2048,classical,42,48.59562799993,0.792885999999271,0.04932000001645065,256,294,1
1779643514.8550744,RSA,RSA-2048,classical,43,51.72270599996409,0.7873770000514924,0.03854199985653395,256,294,1
1779643514.8829217,RSA,RSA-2048,classical,44,27.010016000076575,0.7476789996871958,0.03698799991980195,256,294,1
1779643514.9135146,RSA,RSA-2048,classical,45,29.702908999752253,0.7582030002595275,0.034637999760889215,256,294,1
1779643514.9989026,RSA,RSA-2048,classical,46,84.47926200005895,0.7909750001999782,0.0352059996657772,256,294,1
1779643515.044647,RSA,RSA-2048,classical,47,44.85377099990728,0.7714039998063527,0.035463000131130684,256,294,1
1779643515.0672548,RSA,RSA-2048,classical,48,21.651424000083352,0.8317419997183606,0.04571799991026637,256,294,1
1779643515.085163,RSA,RSA-2048,classical,49,17.0396419998724,0.7561129996247473,0.03407200028959778,256,294,1
1779643515.1008236,RSA,RSA-2048,classical,50,14.804498000103194,0.7485750002160785,0.033755999993445585,256,294,1
1779643515.101701,ECDSA,ECDSA-P256,classical,1,0.4249969997545122,0.18447999991622055,0.12427699994077557,70,65,1
1779643515.101877,ECDSA,ECDSA-P256,classical,2,0.025196000024152454,0.039014000321913045,0.07338300019910093,71,65,1
1779643515.1020143,ECDSA,ECDSA-P256,classical,3,0.01596099991729716,0.03172100014126045,0.07129200002964353,71,65,1
1779643515.1021466,ECDSA,ECDSA-P256,classical,4,0.015102000361366663,0.03140599983453285,0.07045400025162962,70,65,1
1779643515.10228,ECDSA,ECDSA-P256,classical,5,0.01579100035087322,0.03128399976048968,0.07083699983922997,71,65,1
1779643515.102419,ECDSA,ECDSA-P256,classical,6,0.01591500040376559,0.033275000077992445,0.07415999971271958,71,65,1
1779643515.102573,ECDSA,ECDSA-P256,classical,7,0.01577200009705848,0.031691999993199715,0.08280200017907191,71,65,1
1779643515.102751,ECDSA,ECDSA-P256,classical,8,0.01574099997014855,0.03073800007769023,0.11176499992870959,70,65,1
1779643515.1029584,ECDSA,ECDSA-P256,classical,9,0.05207699996390147,0.0490869997520349,0.07597100011480507,72,65,1
1779643515.103093,ECDSA,ECDSA-P256,classical,10,0.015070999779709382,0.03204599988748669,0.06967699982851627,71,65,1
1779643515.1032953,ECDSA,ECDSA-P256,classical,11,0.02129599988620612,0.03587499986679177,0.07031199993434711,70,65,1
1779643515.103429,ECDSA,ECDSA-P256,classical,12,0.014649000149802305,0.031147999834502116,0.06917200016687275,72,65,1
1779643515.1035695,ECDSA,ECDSA-P256,classical,13,0.013760999991063727,0.03742599983524997,0.07332900031542522,71,65,1
1779643515.1037028,ECDSA,ECDSA-P256,classical,14,0.01623900016056723,0.03155600006721215,0.06846199994470226,70,65,1
1779643515.1038291,ECDSA,ECDSA-P256,classical,15,0.014171999737300212,0.029628999982378446,0.06789999997636187,71,65,1
1779643515.1039538,ECDSA,ECDSA-P256,classical,16,0.013292999938130379,0.02985199989780085,0.06787699976484873,72,65,1
1779643515.1040773,ECDSA,ECDSA-P256,classical,17,0.013365000086196233,0.029277000066940673,0.06737499961673166,72,65,1
1779643515.1042013,ECDSA,ECDSA-P256,classical,18,0.013418999969871948,0.029422999887174228,0.06763500005035894,72,65,1
1779643515.1043236,ECDSA,ECDSA-P256,classical,19,0.013257999853522051,0.028937000024598092,0.06724499962729169,72,65,1
1779643515.1044457,ECDSA,ECDSA-P256,classical,20,0.01311999994868529,0.028919000214955304,0.06725499997628503,71,65,1
1779643515.1046202,ECDSA,ECDSA-P256,classical,21,0.018477999674360035,0.03355599983478896,0.07023399984973366,71,65,1
1779643515.1048396,ECDSA,ECDSA-P256,classical,22,0.021458999981405213,0.03853799989883555,0.07635599968125462,71,65,1
1779643515.104982,ECDSA,ECDSA-P256,classical,23,0.014991000170994084,0.03182400041623623,0.07844400033718557,72,65,1
1779643515.1051111,ECDSA,ECDSA-P256,classical,24,0.013920000128564425,0.030479000088234898,0.0664639997012273,71,65,1
1779643515.1052318,ECDSA,ECDSA-P256,classical,25,0.01302700002270285,0.02855200000340119,0.06615800020881579,72,65,1
1779643515.105352,ECDSA,ECDSA-P256,classical,26,0.012751999747706577,0.028432999897631817,0.06598199979634956,71,65,1
1779643515.105478,ECDSA,ECDSA-P256,classical,27,0.013000000308238668,0.03018200004589744,0.06944599999769707,71,65,1
1779643515.1056025,ECDSA,ECDSA-P256,classical,28,0.013442000181385083,0.03201200024705031,0.06587600000784732,70,65,1
1779643515.1057224,ECDSA,ECDSA-P256,classical,29,0.012755999705404975,0.028386000394675648,0.06602499979635468,71,65,1
1779643515.1058426,ECDSA,ECDSA-P256,classical,30,0.012766000054398319,0.028577000193763524,0.06634800001847907,71,65,1
1779643515.1059952,ECDSA,ECDSA-P256,classical,31,0.01797300001271651,0.03239699981349986,0.06785200002923375,71,65,1
1779643515.1061213,ECDSA,ECDSA-P256,classical,32,0.01325899984294665,0.02856900027836673,0.06785899995520595,72,65,1
1779643515.1062489,ECDSA,ECDSA-P256,classical,33,0.01344600013908348,0.029693000215047505,0.07044999983918387,72,65,1
1779643515.106372,ECDSA,ECDSA-P256,classical,34,0.013286000012158183,0.029181999707361683,0.06767600007151486,71,65,1
1779643515.1064968,ECDSA,ECDSA-P256,classical,35,0.013309000223671319,0.02910900002461858,0.06923000000824686,71,65,1
1779643515.1066427,ECDSA,ECDSA-P256,classical,36,0.023771000087435823,0.033104000067396555,0.06919900033608428,71,65,1
1779643515.1067696,ECDSA,ECDSA-P256,classical,37,0.014142000054562232,0.029011000151513144,0.06782599984944682,70,65,1
1779643515.1068923,ECDSA,ECDSA-P256,classical,38,0.013229999694885919,0.028828000267822063,0.06726999981765402,70,65,1
1779643515.1070154,ECDSA,ECDSA-P256,classical,39,0.013434000265988288,0.028766000014002202,0.06767099966964452,71,65,1
1779643515.1071382,ECDSA,ECDSA-P256,classical,40,0.013270000181364594,0.028795999696740182,0.06771200014554779,71,65,1
1779643515.1072915,ECDSA,ECDSA-P256,classical,41,0.01823999991756864,0.03402599986657151,0.06890199983899947,72,65,1
1779643515.1074193,ECDSA,ECDSA-P256,classical,42,0.013633999969897559,0.029319000077521196,0.06822400018791086,72,65,1
1779643515.1075437,ECDSA,ECDSA-P256,classical,43,0.013482000213116407,0.02904999973907252,0.06803299993407563,71,65,1
1779643515.1076672,ECDSA,ECDSA-P256,classical,44,0.013111000043863896,0.028836000183218857,0.06806799956393661,71,65,1
1779643515.1078029,ECDSA,ECDSA-P256,classical,45,0.012921999768877868,0.029541000003519002,0.08036300005187513,71,65,1
1779643515.1079288,ECDSA,ECDSA-P256,classical,46,0.01327500012848759,0.029771999834338203,0.06983499997659237,72,65,1
1779643515.1080546,ECDSA,ECDSA-P256,classical,47,0.013178999779484002,0.029736000215052627,0.0696440001775045,71,65,1
1779643515.1081817,ECDSA,ECDSA-P256,classical,48,0.013489000139088603,0.029908999749750365,0.07036300030449638,72,65,1
1779643515.1083221,ECDSA,ECDSA-P256,classical,49,0.014701000054628821,0.029912000172771513,0.08029499986150768,70,65,1
1779643515.1084878,ECDSA,ECDSA-P256,classical,50,0.018762000308925053,0.03640500017354498,0.08938200016928022,71,65,1
1779643515.1104,ML-DSA,ML-DSA-44,pqc,1,1.4822150001236878,0.09074399986275239,0.08806300002106582,2420,1312,1
1779643515.1105666,ML-DSA,ML-DSA-44,pqc,2,0.028662999739026418,0.05712200027119252,0.025848999939626083,2420,1312,1
1779643515.1106844,ML-DSA,ML-DSA-44,pqc,3,0.02503099995010416,0.04485299996304093,0.02479900012986036,2420,1312,1
1779643515.110795,ML-DSA,ML-DSA-44,pqc,4,0.022749000436306233,0.0428799999099283,0.02473700033078785,2420,1312,1
1779643515.1109164,ML-DSA,ML-DSA-44,pqc,5,0.02366500029893359,0.05417100010163267,0.024868999844329664,2420,1312,1
1779643515.1110096,ML-DSA,ML-DSA-44,pqc,6,0.02276799978062627,0.030713999876752496,0.022622999949817313,2420,1312,1
1779643515.1111014,ML-DSA,ML-DSA-44,pqc,7,0.022506999812321737,0.03012000024682493,0.0224109999180655,2420,1312,1
1779643515.111193,ML-DSA,ML-DSA-44,pqc,8,0.02256199968542205,0.030279999919002876,0.022247999822866404,2420,1312,1
1779643515.1112883,ML-DSA,ML-DSA-44,pqc,9,0.022400000034394907,0.03196500028934679,0.02340199989703251,2420,1312,1
1779643515.1114073,ML-DSA,ML-DSA-44,pqc,10,0.023614999918208923,0.05491699994308874,0.023446000341209583,2420,1312,1
1779643515.1115973,ML-DSA,ML-DSA-44,pqc,11,0.028198999643791467,0.04596899998432491,0.027134999982081354,2420,1312,1
1779643515.1117063,ML-DSA,ML-DSA-44,pqc,12,0.026885999886872014,0.0335760000780283,0.024060999749053735,2420,1312,1
1779643515.1118324,ML-DSA,ML-DSA-44,pqc,13,0.02422299985482823,0.05462399985844968,0.023501000214309897,2420,1312,1
1779643515.1119332,ML-DSA,ML-DSA-44,pqc,14,0.022453999918070622,0.03858499985653907,0.02239300010842271,2420,1312,1
1779643515.1120353,ML-DSA,ML-DSA-44,pqc,15,0.022151999928610167,0.04082099985680543,0.022370999886334175,2420,1312,1
1779643515.1121469,ML-DSA,ML-DSA-44,pqc,16,0.02236299997093738,0.050016999921354,0.022342999727698043,2420,1312,1
1779643515.1122384,ML-DSA,ML-DSA-44,pqc,17,0.022308000097837066,0.030375999813259114,0.02267700028824038,2420,1312,1
1779643515.112341,ML-DSA,ML-DSA-44,pqc,18,0.022350999643094838,0.040703000195208006,0.022311000066110864,2420,1312,1
1779643515.1124365,ML-DSA,ML-DSA-44,pqc,19,0.02309199999217526,0.03160400001434027,0.02340399987588171,2420,1312,1
1779643515.1125402,ML-DSA,ML-DSA-44,pqc,20,0.023275000330613693,0.040036999962467235,0.02219099997091689,2420,1312,1
1779643515.1126878,ML-DSA,ML-DSA-44,pqc,21,0.026036000235762913,0.05167300014363718,0.023272000362339895,2420,1312,1
1779643515.1129174,ML-DSA,ML-DSA-44,pqc,22,0.02259500024592853,0.16427199989266228,0.022837999949842924,2420,1312,1
1779643515.1130385,ML-DSA,ML-DSA-44,pqc,23,0.022415999865188496,0.058647000059863785,0.022195999918039888,2420,1312,1
1779643515.1131952,ML-DSA,ML-DSA-44,pqc,24,0.021761999960290268,0.09429500005353475,0.02376099973844248,2420,1312,1
1779643515.1133378,ML-DSA,ML-DSA-44,pqc,25,0.023457999759557424,0.07963899997776025,0.02228800030934508,2420,1312,1
1779643515.113456,ML-DSA,ML-DSA-44,pqc,26,0.022174000150698703,0.04860700028075371,0.02940300009868224,2420,1312,1
1779643515.1135628,ML-DSA,ML-DSA-44,pqc,27,0.025615000140533084,0.03196199986632564,0.023228000372910174,2420,1312,1
1779643515.1137123,ML-DSA,ML-DSA-44,pqc,28,0.032217999887507176,0.06501699999716948,0.024624000161566073,2420,1312,1
1779643515.1138556,ML-DSA,ML-DSA-44,pqc,29,0.024360999759664992,0.07407800012515509,0.02269200012960937,2420,1312,1
1779643515.113958,ML-DSA,ML-DSA-44,pqc,30,0.022711999918101355,0.038736000078642974,0.022821000129624736,2420,1312,1
1779643515.114132,ML-DSA,ML-DSA-44,pqc,31,0.026958000034937868,0.07856699994590599,0.024002000373002375,2420,1312,1
1779643515.114266,ML-DSA,ML-DSA-44,pqc,32,0.022636999801761704,0.06811499997638748,0.022413999886339298,2420,1312,1
1779643515.1143577,ML-DSA,ML-DSA-44,pqc,33,0.022327999886329053,0.030297999728645664,0.022401000023819506,2420,1312,1
1779643515.114467,ML-DSA,ML-DSA-44,pqc,34,0.02214500000263797,0.04834599985770183,0.022266000087256543,2420,1312,1
1779643515.1145658,ML-DSA,ML-DSA-44,pqc,35,0.022366999928635778,0.03799699970841175,0.02231500002380926,2420,1312,1
1779643515.1146853,ML-DSA,ML-DSA-44,pqc,36,0.027859000056196237,0.04984499992133351,0.023346000034507597,2420,1312,1
1779643515.114809,ML-DSA,ML-DSA-44,pqc,37,0.023679000150877982,0.06100900009187171,0.022262000129558146,2420,1312,1
1779643515.1149423,ML-DSA,ML-DSA-44,pqc,38,0.022288999844022328,0.07179499971243786,0.02253399998153327,2420,1312,1
1779643515.1150436,ML-DSA,ML-DSA-44,pqc,39,0.022135000108391978,0.03849799986710423,0.023656999928789446,2420,1312,1
1779643515.115291,ML-DSA,ML-DSA-44,pqc,40,0.03720099994097836,0.037118999898666516,0.024646999918331858,2420,1312,1
1779643515.115694,ML-DSA,ML-DSA-44,pqc,41,0.029154000003472902,0.07829300011508167,0.050785999974323204,2420,1312,1
1779643515.1159093,ML-DSA,ML-DSA-44,pqc,42,0.04185500029052491,0.051932000133092515,0.025348999770358205,2420,1312,1
1779643515.1160548,ML-DSA,ML-DSA-44,pqc,43,0.024682999992364785,0.07262600001922692,0.024011999812501017,2420,1312,1
1779643515.1162302,ML-DSA,ML-DSA-44,pqc,44,0.023693000002822373,0.10854799984372221,0.02355700007683481,2420,1312,1
1779643515.1163282,ML-DSA,ML-DSA-44,pqc,45,0.024102999759634258,0.032263999855786096,0.023608999981661327,2420,1312,1
1779643515.1164384,ML-DSA,ML-DSA-44,pqc,46,0.025180000193358865,0.04131100013182731,0.024930000108724926,2420,1312,1
1779643515.1165452,ML-DSA,ML-DSA-44,pqc,47,0.024870000288501615,0.034904000131064095,0.024561999907746213,2420,1312,1
1779643515.1166902,ML-DSA,ML-DSA-44,pqc,48,0.02332600024601561,0.07212299988168525,0.02808599992931704,2420,1312,1
1779643515.1170125,ML-DSA,ML-DSA-44,pqc,49,0.023611999949935125,0.22523400002683047,0.030348000109370332,2420,1312,1
1779643515.117187,ML-DSA,ML-DSA-44,pqc,50,0.03243199989810819,0.08498600027451175,0.023656999928789446,2420,1312,1
1779643515.117482,ML-DSA,ML-DSA-65,pqc,1,0.10067899984278483,0.06814699963797466,0.03942599960282678,3309,1952,1
1779643515.1177163,ML-DSA,ML-DSA-65,pqc,2,0.039726000068185385,0.11707900011970196,0.050207999720441876,3309,1952,1
1779643515.117994,ML-DSA,ML-DSA-65,pqc,3,0.04101800004718825,0.1706909997665207,0.036435999845707556,3309,1952,1
1779643515.1181743,ML-DSA,ML-DSA-65,pqc,4,0.03750099995158962,0.086297000052582,0.03598300008889055,3309,1952,1
1779643515.118436,ML-DSA,ML-DSA-65,pqc,5,0.03734299980351352,0.17098399985115975,0.03580900011002086,3309,1952,1
1779643515.118596,ML-DSA,ML-DSA-65,pqc,6,0.03686500031108153,0.07079099987095105,0.03555800003596232,3309,1952,1
1779643515.1187806,ML-DSA,ML-DSA-65,pqc,7,0.04033699997307849,0.0699439997333684,0.03827699993053102,3309,1952,1
1779643515.1192658,ML-DSA,ML-DSA-65,pqc,8,0.03987299987784354,0.3870489999826532,0.03518900030030636,3309,1952,1
1779643515.1194012,ML-DSA,ML-DSA-65,pqc,9,0.036470999930315884,0.04556499970931327,0.03481400017335545,3309,1952,1
1779643515.1196291,ML-DSA,ML-DSA-65,pqc,10,0.03597700015234295,0.14039699999557342,0.03506599978209124,3309,1952,1
1779643515.1199365,ML-DSA,ML-DSA-65,pqc,11,0.05322600009094458,0.15880399996603956,0.040100000205711694,3309,1952,1
1779643515.1201673,ML-DSA,ML-DSA-65,pqc,12,0.03752700013137655,0.13331599984667264,0.03765899964491837,3309,1952,1
1779643515.1203225,ML-DSA,ML-DSA-65,pqc,13,0.04534599975158926,0.04849700007980573,0.035385000046517234,3309,1952,1
1779643515.1205194,ML-DSA,ML-DSA-65,pqc,14,0.03631599975051358,0.10628699965309352,0.03485299976091483,3309,1952,1
1779643515.1207983,ML-DSA,ML-DSA-65,pqc,15,0.03605299980335985,0.16917099992497242,0.0496309999107325,3309,1952,1
1779643515.1210144,ML-DSA,ML-DSA-65,pqc,16,0.043078000089735724,0.11087800021414296,0.03564500002539717,3309,1952,1
1779643515.1211739,ML-DSA,ML-DSA-65,pqc,17,0.036173999887978425,0.07039399997665896,0.03502899971863371,3309,1952,1
1779643515.121335,ML-DSA,ML-DSA-65,pqc,18,0.03579200028980267,0.07089700011420064,0.03741000000445638,3309,1952,1
1779643515.121547,ML-DSA,ML-DSA-65,pqc,19,0.03829300021607196,0.11891399981323048,0.0373800003217184,3309,1952,1
1779643515.121682,ML-DSA,ML-DSA-65,pqc,20,0.03773200023715617,0.04510400003709947,0.03492499990898068,3309,1952,1
1779643515.1219604,ML-DSA,ML-DSA-65,pqc,21,0.050256000122317346,0.12897300030090264,0.03559600008884445,3309,1952,1
1779643515.1221669,ML-DSA,ML-DSA-65,pqc,22,0.0372999998035084,0.10973300004479825,0.03805699998338241,3309,1952,1
1779643515.1223462,ML-DSA,ML-DSA-65,pqc,23,0.039740999909554375,0.08168100021066493,0.038110999867058126,3309,1952,1
1779643515.1225314,ML-DSA,ML-DSA-65,pqc,24,0.03909799988832674,0.08487600007356377,0.03811999977187952,3309,1952,1
1779643515.1226935,ML-DSA,ML-DSA-65,pqc,25,0.040423999962513335,0.060737999774573836,0.03847800007861224,3309,1952,1
1779643515.1228933,ML-DSA,ML-DSA-65,pqc,26,0.04368400004750583,0.07154400009312667,0.04037300004711142,3309,1952,1
1779643515.1231122,ML-DSA,ML-DSA-65,pqc,27,0.043122000079165446,0.09661000012783916,0.04957900000590598,3309,1952,1
1779643515.1233027,ML-DSA,ML-DSA-65,pqc,28,0.04097500004718313,0.07919000017864164,0.04773500040755607,3309,1952,1
1779643515.1235013,ML-DSA,ML-DSA-65,pqc,29,0.040436999825033126,0.09505099978923681,0.03918699985661078,3309,1952,1
1779643515.123706,ML-DSA,ML-DSA-65,pqc,30,0.03760499976124265,0.10860199972739792,0.03801100001510349,3309,1952,1
1779643515.1239703,ML-DSA,ML-DSA-65,pqc,31,0.08695299993632943,0.0710270001036406,0.0396259997614834,3309,1952,1
1779643515.124207,ML-DSA,ML-DSA-65,pqc,32,0.03778500013140729,0.1400329997522931,0.034978999792656396,3309,1952,1
1779643515.1243746,ML-DSA,ML-DSA-65,pqc,33,0.0365219998457178,0.0631279999652179,0.03818599998339778,3309,1952,1
1779643515.1245205,ML-DSA,ML-DSA-65,pqc,34,0.03581000009944546,0.0585419998060388,0.035181999919586815,3309,1952,1
1779643515.1249354,ML-DSA,ML-DSA-65,pqc,35,0.035804000162897864,0.3172839997205301,0.03778399968723534,3309,1952,1
1779643515.125334,ML-DSA,ML-DSA-65,pqc,36,0.03832599986708374,0.2905699998336786,0.039244999697984895,3309,1952,1
1779643515.1255946,ML-DSA,ML-DSA-65,pqc,37,0.038407999909395585,0.15657400035706814,0.040579999676992884,3309,1952,1
1779643515.125816,ML-DSA,ML-DSA-65,pqc,38,0.04029699994134717,0.11031499980163062,0.047061999794095755,3309,1952,1
1779643515.126112,ML-DSA,ML-DSA-65,pqc,39,0.04451299992069835,0.17636400025367038,0.04064499989908654,3309,1952,1
1779643515.1262596,ML-DSA,ML-DSA-65,pqc,40,0.04392200025904458,0.04541400039670407,0.03502299978208612,3309,1952,1
1779643515.1264577,ML-DSA,ML-DSA-65,pqc,41,0.040162000004784204,0.0715830001354334,0.03605499978220905,3309,1952,1
1779643515.126606,ML-DSA,ML-DSA-65,pqc,42,0.03635099983512191,0.05831400039824075,0.034885999866673956,3309,1952,1
1779643515.1267784,ML-DSA,ML-DSA-65,pqc,43,0.03581500004656846,0.08479999996779952,0.034904000131064095,3309,1952,1
1779643515.126959,ML-DSA,ML-DSA-65,pqc,44,0.04480200004763901,0.07201800008260761,0.036097000247536926,3309,1952,1
1779643515.1271286,ML-DSA,ML-DSA-65,pqc,45,0.03925200007870444,0.07472400011465652,0.03495999999358901,3309,1952,1
1779643515.127261,ML-DSA,ML-DSA-65,pqc,46,0.03601600019464968,0.04463699997359072,0.034791999951266916,3309,1952,1
1779643515.1274123,ML-DSA,ML-DSA-65,pqc,47,0.03549699977156706,0.06485099993369658,0.03465999998297775,3309,1952,1
1779643515.1275563,ML-DSA,ML-DSA-65,pqc,48,0.03548299991962267,0.05778699960501399,0.03444200001467834,3309,1952,1
1779643515.1277013,ML-DSA,ML-DSA-65,pqc,49,0.035739999930228805,0.05806899980598246,0.03526800037434441,3309,1952,1
1779643515.1278403,ML-DSA,ML-DSA-65,pqc,50,0.03545500021573389,0.04455900034372462,0.04153200006840052,3309,1952,1
1779643515.1282058,ML-DSA,ML-DSA-87,pqc,1,0.11965399971813895,0.13667799976246897,0.056365999625995755,4627,2592,1
1779643515.1284223,ML-DSA,ML-DSA-87,pqc,2,0.056366000080743106,0.08214599984057713,0.05442100018626661,4627,2592,1
1779643515.1286259,ML-DSA,ML-DSA-87,pqc,3,0.05507500009116484,0.0721850001355051,0.05795699962618528,4627,2592,1
1779643515.1288378,ML-DSA,ML-DSA-87,pqc,4,0.05681200036633527,0.08428799992543645,0.05339600011211587,4627,2592,1
1779643515.1290822,ML-DSA,ML-DSA-87,pqc,5,0.06275699979596538,0.07308900012503727,0.05397199993240065,4627,2592,1
1779643515.129365,ML-DSA,ML-DSA-87,pqc,6,0.05810799984828918,0.14386699967872119,0.05798499978482141,4627,2592,1
1779643515.1297863,ML-DSA,ML-DSA-87,pqc,7,0.059314999816706404,0.283696000224154,0.05762699993283604,4627,2592,1
1779643515.130016,ML-DSA,ML-DSA-87,pqc,8,0.05932400017627515,0.08633400011603953,0.0635169999441132,4627,2592,1
1779643515.13026,ML-DSA,ML-DSA-87,pqc,9,0.0650510000923532,0.07364699968093191,0.058898000133922324,4627,2592,1
1779643515.1305263,ML-DSA,ML-DSA-87,pqc,10,0.057130000186589314,0.11984599996139877,0.06308599995463737,4627,2592,1
1779643515.1307962,ML-DSA,ML-DSA-87,pqc,11,0.06354700008159853,0.09320899971498875,0.0579229999857489,4627,2592,1
1779643515.1310413,ML-DSA,ML-DSA-87,pqc,12,0.05938799995419686,0.10583099992800271,0.058353999975224724,4627,2592,1
1779643515.1313002,ML-DSA,ML-DSA-87,pqc,13,0.062728000102652,0.07556100035799318,0.05857199994352413,4627,2592,1
1779643515.1315198,ML-DSA,ML-DSA-87,pqc,14,0.05786699966847664,0.07924000010461896,0.055778000387363136,4627,2592,1
1779643515.1319115,ML-DSA,ML-DSA-87,pqc,15,0.05668699986927095,0.25578999975550687,0.05771999985881848,4627,2592,1
1779643515.1321661,ML-DSA,ML-DSA-87,pqc,16,0.06342400001813076,0.10260099998049554,0.054008999995858176,4627,2592,1
1779643515.1324062,ML-DSA,ML-DSA-87,pqc,17,0.054737000027671456,0.112516000172036,0.053887999911239604,4627,2592,1
1779643515.1326313,ML-DSA,ML-DSA-87,pqc,18,0.05548700028157327,0.0986430000011751,0.05351700019673444,4627,2592,1
1779643515.1328223,ML-DSA,ML-DSA-87,pqc,19,0.054752999858465046,0.06639200000790879,0.05335100013326155,4627,2592,1
1779643515.1330318,ML-DSA,ML-DSA-87,pqc,20,0.054540000292035984,0.0755309997657605,0.05673499981639907,4627,2592,1
1779643515.13327,ML-DSA,ML-DSA-87,pqc,21,0.0608000000283937,0.07277799977600807,0.05841799975314643,4627,2592,1
1779643515.1336026,ML-DSA,ML-DSA-87,pqc,22,0.05980099967928254,0.15894099988145172,0.06336799970085849,4627,2592,1
1779643515.1338418,ML-DSA,ML-DSA-87,pqc,23,0.0710330000401882,0.07501900017814478,0.054864000048837624,4627,2592,1
1779643515.1340394,ML-DSA,ML-DSA-87,pqc,24,0.056117999974958366,0.06751000000804197,0.05363299987948267,4627,2592,1
1779643515.1343215,ML-DSA,ML-DSA-87,pqc,25,0.0632790001873218,0.14327200005936902,0.057405999996262835,4627,2592,1
1779643515.1345496,ML-DSA,ML-DSA-87,pqc,26,0.05969399990135571,0.09160800027530058,0.05775499994342681,4627,2592,1
1779643515.134832,ML-DSA,ML-DSA-87,pqc,27,0.060354000197548885,0.143864999699872,0.057592999837652314,4627,2592,1
1779643515.1350553,ML-DSA,ML-DSA-87,pqc,28,0.058912999975291314,0.08781100041233003,0.05727100005969987,4627,2592,1
1779643515.1352868,ML-DSA,ML-DSA-87,pqc,29,0.05901499980609515,0.08827200008454383,0.05966599974271958,4627,2592,1
1779643515.135534,ML-DSA,ML-DSA-87,pqc,30,0.0604090000706492,0.10479100001248298,0.05780199990113033,4627,2592,1
1779643515.1358669,ML-DSA,ML-DSA-87,pqc,31,0.0635070000498672,0.14481500011243043,0.058384000112710055,4627,2592,1
1779643515.1361127,ML-DSA,ML-DSA-87,pqc,32,0.05954299967925181,0.10750599994935328,0.05772700023953803,4627,2592,1
1779643515.1365163,ML-DSA,ML-DSA-87,pqc,33,0.05944599979557097,0.23190100000647362,0.06698099969071336,4627,2592,1
1779643515.1368053,ML-DSA,ML-DSA-87,pqc,34,0.07759599975543097,0.11496699971758062,0.059330000112822745,4627,2592,1
1779643515.1370752,ML-DSA,ML-DSA-87,pqc,35,0.06100100017647492,0.1282489997720404,0.05837700018673786,4627,2592,1
1779643515.1373184,ML-DSA,ML-DSA-87,pqc,36,0.059654999859048985,0.10660499992809491,0.05775799991170061,4627,2592,1
1779643515.1375449,ML-DSA,ML-DSA-87,pqc,37,0.05934000000706874,0.08728900002097362,0.061670999912166735,4627,2592,1
1779643515.138114,ML-DSA,ML-DSA-87,pqc,38,0.06578800002898788,0.3301439996903355,0.14395300013347878,4627,2592,1
1779643515.1384437,ML-DSA,ML-DSA-87,pqc,39,0.07131200027288287,0.15229199971145135,0.059844000134035014,4627,2592,1
1779643515.1386817,ML-DSA,ML-DSA-87,pqc,40,0.07162800011428772,0.07582400030514691,0.058960000387742184,4627,2592,1
1779643515.1389527,ML-DSA,ML-DSA-87,pqc,41,0.06416099995476543,0.0745239999559999,0.05843299959451542,4627,2592,1
1779643515.1391785,ML-DSA,ML-DSA-87,pqc,42,0.05960599992249627,0.08645999969303375,0.05774100009148242,4627,2592,1
1779643515.1393874,ML-DSA,ML-DSA-87,pqc,43,0.05957400026090909,0.07246399991345243,0.05775399995400221,4627,2592,1
1779643515.1396668,ML-DSA,ML-DSA-87,pqc,44,0.05921499996475177,0.14373399972100742,0.05752600009145681,4627,2592,1
1779643515.1399746,ML-DSA,ML-DSA-87,pqc,45,0.05890600004931912,0.16553300019950257,0.05964899992250139,4627,2592,1
1779643515.1402786,ML-DSA,ML-DSA-87,pqc,46,0.061417999859259,0.1609959999768762,0.05820699971081922,4627,2592,1
1779643515.1405027,ML-DSA,ML-DSA-87,pqc,47,0.059161000081076054,0.08865400013746694,0.05755700021836674,4627,2592,1
1779643515.1407235,ML-DSA,ML-DSA-87,pqc,48,0.05881099968974013,0.08662699974593124,0.05733499983762158,4627,2592,1
1779643515.1409655,ML-DSA,ML-DSA-87,pqc,49,0.05881199967916473,0.10735099976955098,0.057282999932795065,4627,2592,1
1779643515.1411705,ML-DSA,ML-DSA-87,pqc,50,0.05902699967919034,0.07132299970180611,0.05702999987988733,4627,2592,1
1779643515.2972355,SPHINCS,SPHINCS+-SHA2-128s-simple,pqc,1,17.7689229999487,137.89982200023587,0.19372199994904804,7856,32,1
1779643515.4500625,SPHINCS,SPHINCS+-SHA2-128s-simple,pqc,2,18.015385999660793,134.44756900025823,0.22386399996321416,7856,32,1
1779643515.5954483,SPHINCS,SPHINCS+-SHA2-128s-simple,pqc,3,16.676991000167618,128.39823400008754,0.16747800009397906,7856,32,1
1779643515.7413116,SPHINCS,SPHINCS+-SHA2-128s-simple,pqc,4,16.97831799992855,128.5796389997813,0.206258999696729,7856,32,1
1779643515.8898551,SPHINCS,SPHINCS+-SHA2-128s-simple,pqc,5,17.113962000166794,131.07515100000455,0.2154320000045118,7856,32,1
1779643516.0418043,SPHINCS,SPHINCS+-SHA2-128s-simple,pqc,6,17.618627000047127,134.04972900025314,0.17241700015802053,7856,32,1
1779643516.1881864,SPHINCS,SPHINCS+-SHA2-128s-simple,pqc,7,15.891237999767327,130.15842200002226,0.20022000035169185,7856,32,1
1779643516.3381555,SPHINCS,SPHINCS+-SHA2-128s-simple,pqc,8,17.627200000333687,132.00423899979796,0.2033219998338609,7856,32,1
1779643516.4891098,SPHINCS,SPHINCS+-SHA2-128s-simple,pqc,9,18.0043850000402,132.61480599976494,0.18873899989557685,7856,32,1
1779643516.6406987,SPHINCS,SPHINCS+-SHA2-128s-simple,pqc,10,17.164817999855586,134.1259999999238,0.1948870003616321,7856,32,1
1779643516.7913692,SPHINCS,SPHINCS+-SHA2-128s-simple,pqc,11,17.876217999855726,132.40931200016348,0.2048739997917437,7856,32,1
1779643516.941223,SPHINCS,SPHINCS+-SHA2-128s-simple,pqc,12,17.39019799970265,132.12679399975968,0.20018099985463778,7856,32,1
1779643517.0885308,SPHINCS,SPHINCS+-SHA2-128s-simple,pqc,13,17.03774199995678,129.93472500011194,0.19508000013956917,7856,32,1
1779643517.2353323,SPHINCS,SPHINCS+-SHA2-128s-simple,pqc,14,17.831191000368563,128.64225499970416,0.1924709999912011,7856,32,1
1779643517.3822534,SPHINCS,SPHINCS+-SHA2-128s-simple,pqc,15,17.500763000043662,129.08215800007383,0.20377500004542526,7856,32,1
1779643517.5328388,SPHINCS,SPHINCS+-SHA2-128s-simple,pqc,16,17.520329000035417,132.7040890000717,0.20616400024664472,7856,32,1
1779643517.6814733,SPHINCS,SPHINCS+-SHA2-128s-simple,pqc,17,17.82320999973308,130.49647599973468,0.17893099993671058,7856,32,1
1779643517.8254495,SPHINCS,SPHINCS+-SHA2-128s-simple,pqc,18,16.32891799999925,127.37803799973335,0.16968700037978124,7856,32,1
1779643517.9668803,SPHINCS,SPHINCS+-SHA2-128s-simple,pqc,19,16.32658700009415,124.7954230002506,0.20953000012013945,7856,32,1
1779643518.1955838,SPHINCS,SPHINCS+-SHA2-128s-simple,pqc,20,17.477859000337048,210.91430199976458,0.17630199999985052,7856,32,1
1779643518.3432426,SPHINCS,SPHINCS+-SHA2-128s-simple,pqc,21,16.20072400010031,131.0648119997495,0.19586799999160576,7856,32,1
1779643518.5529695,SPHINCS,SPHINCS+-SHA2-128s-simple,pqc,22,25.14965399996072,184.21515599993654,0.18066799975713366,7856,32,1
1779643518.703639,SPHINCS,SPHINCS+-SHA2-128s-simple,pqc,23,18.414444999962143,131.93271900036052,0.1889830000436632,7856,32,1
1779643518.8554835,SPHINCS,SPHINCS+-SHA2-128s-simple,pqc,24,17.571224000221264,133.97381000004316,0.20051100000273436,7856,32,1
1779643519.0109541,SPHINCS,SPHINCS+-SHA2-128s-simple,pqc,25,18.190193999998883,136.96802399999797,0.20549700002447935,7856,32,1
1779643519.1703188,SPHINCS,SPHINCS+-SHA2-128s-simple,pqc,26,18.425733000185573,140.5814200002169,0.20534899977064924,7856,32,1
1779643519.3371387,SPHINCS,SPHINCS+-SHA2-128s-simple,pqc,27,17.881812000268837,148.61948000043412,0.19762700003411737,7856,32,1
1779643519.5074544,SPHINCS,SPHINCS+-SHA2-128s-simple,pqc,28,20.838406000166287,149.11790899986954,0.2065140001832333,7856,32,1
1779643519.6775482,SPHINCS,SPHINCS+-SHA2-128s-simple,pqc,29,19.134041000143043,150.62100800014377,0.2065819999188534,7856,32,1
1779643519.8468254,SPHINCS,SPHINCS+-SHA2-128s-simple,pqc,30,20.192164000036428,148.7272379999922,0.21466899988809018,7856,32,1
1779643520.0088203,SPHINCS,SPHINCS+-SHA2-128s-simple,pqc,31,19.225376000122196,142.28530700029296,0.213307000194618,7856,32,1
1779643520.1629348,SPHINCS,SPHINCS+-SHA2-128s-simple,pqc,32,17.361297000206832,136.38937100040494,0.1866460002020176,7856,32,1
1779643520.3165398,SPHINCS,SPHINCS+-SHA2-128s-simple,pqc,33,16.80477299987615,136.45778999989489,0.19974799988631275,7856,32,1
1779643520.4720426,SPHINCS,SPHINCS+-SHA2-128s-simple,pqc,34,18.164051999974618,137.045221000335,0.2038510001511895,7856,32,1
1779643520.6225538,SPHINCS,SPHINCS+-SHA2-128s-simple,pqc,35,17.89905199984787,132.2892530001809,0.18918200021289522,7856,32,1
1779643520.77081,SPHINCS,SPHINCS+-SHA2-128s-simple,pqc,36,16.539726999781124,131.36570500000744,0.21375699998316122,7856,32,1
1779643520.9411602,SPHINCS,SPHINCS+-SHA2-128s-simple,pqc,37,17.85888900030841,152.18701999992845,0.17498699980933452,7856,32,1
1779643521.0850058,SPHINCS,SPHINCS+-SHA2-128s-simple,pqc,38,16.11495399993146,127.39207300000999,0.19419599993852898,7856,32,1
1779643521.243896,SPHINCS,SPHINCS+-SHA2-128s-simple,pqc,39,17.03663400030564,141.48953899984917,0.21943999990980956,7856,32,1
1779643521.397996,SPHINCS,SPHINCS+-SHA2-128s-simple,pqc,40,18.640144000073633,135.113808999904,0.19242700000177138,7856,32,1
1779643521.5539868,SPHINCS,SPHINCS+-SHA2-128s-simple,pqc,41,24.16425600040384,131.24489599977096,0.18990999978996115,7856,32,1
1779643521.7012405,SPHINCS,SPHINCS+-SHA2-128s-simple,pqc,42,16.74216500032344,130.1149260002603,0.21074100004625507,7856,32,1
1779643521.8452604,SPHINCS,SPHINCS+-SHA2-128s-simple,pqc,43,16.979545000140206,126.705869000034,0.1850340004239115,7856,32,1
1779643521.9890165,SPHINCS,SPHINCS+-SHA2-128s-simple,pqc,44,16.64324500006842,126.80078899984437,0.18220999982077046,7856,32,1
1779643522.1380622,SPHINCS,SPHINCS+-SHA2-128s-simple,pqc,45,16.672674999881565,132.07253199971092,0.19841499988615396,7856,32,1
1779643522.290338,SPHINCS,SPHINCS+-SHA2-128s-simple,pqc,46,18.153108999740653,133.81087399966418,0.18087599983118707,7856,32,1
1779643522.4303837,SPHINCS,SPHINCS+-SHA2-128s-simple,pqc,47,15.946513000017148,123.80163399984667,0.19968200012954185,7856,32,1
1779643522.5752218,SPHINCS,SPHINCS+-SHA2-128s-simple,pqc,48,17.2992810003052,127.22665000001143,0.19078400009675534,7856,32,1
1779643522.722945,SPHINCS,SPHINCS+-SHA2-128s-simple,pqc,49,17.3286009999174,130.02208500029155,0.22150099994178163,7856,32,1
1779643522.8648174,SPHINCS,SPHINCS+-SHA2-128s-simple,pqc,50,17.019312999764225,124.52366599973175,0.17413000023225322,7856,32,1
1779643522.8718102,SPHINCS,SPHINCS+-SHA2-128f-simple,pqc,1,0.26608600001054583,6.059041000298748,0.505908999912208,17088,32,1
1779643522.8792303,SPHINCS,SPHINCS+-SHA2-128f-simple,pqc,2,0.32561199986957945,6.492643000001408,0.5193680003685586,17088,32,1
1779643522.8865874,SPHINCS,SPHINCS+-SHA2-128f-simple,pqc,3,0.2853109999705339,6.490315000064584,0.5193470001358946,17088,32,1
1779643522.8947995,SPHINCS,SPHINCS+-SHA2-128f-simple,pqc,4,0.29381399963313015,7.336697000027925,0.49981200027104933,17088,32,1
1779643522.9018927,SPHINCS,SPHINCS+-SHA2-128f-simple,pqc,5,0.28118199998061755,6.265386999984912,0.4881800000475778,17088,32,1
1779643522.909267,SPHINCS,SPHINCS+-SHA2-128f-simple,pqc,6,0.2680349998627207,6.521287999930792,0.5070119996162248,17088,32,1
1779643522.9164941,SPHINCS,SPHINCS+-SHA2-128f-simple,pqc,7,0.3008509997926012,6.373528000040096,0.460738000128913,17088,32,1
1779643522.9235764,SPHINCS,SPHINCS+-SHA2-128f-simple,pqc,8,0.27178499976798776,6.314021999969555,0.4407629999150231,17088,32,1
1779643522.93003,SPHINCS,SPHINCS+-SHA2-128f-simple,pqc,9,0.26686399996833643,5.707644999802142,0.4405340000630531,17088,32,1
1779643522.9376063,SPHINCS,SPHINCS+-SHA2-128f-simple,pqc,10,0.25362599990330637,6.6515359999357315,0.6341510002130235,17088,32,1
1779643522.9451158,SPHINCS,SPHINCS+-SHA2-128f-simple,pqc,11,0.356050999926083,6.597191999844654,0.43177499992452795,17088,32,1
1779643522.9515662,SPHINCS,SPHINCS+-SHA2-128f-simple,pqc,12,0.24129199982780847,5.732913999963785,0.44573599961950094,17088,32,1
1779643522.9583097,SPHINCS,SPHINCS+-SHA2-128f-simple,pqc,13,0.2400970001872338,6.011086999933468,0.46329699989655637,17088,32,1
1779643522.965129,SPHINCS,SPHINCS+-SHA2-128f-simple,pqc,14,0.25784299987208215,6.049727000117855,0.4816549999304698,17088,32,1
1779643522.972068,SPHINCS,SPHINCS+-SHA2-128f-simple,pqc,15,0.2697139998417697,6.162261999634211,0.4793200000676734,17088,32,1
1779643522.9789193,SPHINCS,SPHINCS+-SHA2-128f-simple,pqc,16,0.2643489997353754,6.093141999826912,0.46115499981169705,17088,32,1
1779643522.9858088,SPHINCS,SPHINCS+-SHA2-128f-simple,pqc,17,0.2622780002639047,6.112675999702333,0.485293000110687,17088,32,1
1779643522.9926362,SPHINCS,SPHINCS+-SHA2-128f-simple,pqc,18,0.2590419999251026,6.06053499996051,0.47563299995090347,17088,32,1
1779643522.9994936,SPHINCS,SPHINCS+-SHA2-128f-simple,pqc,19,0.264081000295846,6.104933999722562,0.46019699993848917,17088,32,1
1779643523.006371,SPHINCS,SPHINCS+-SHA2-128f-simple,pqc,20,0.2724889995988633,6.076250999740296,0.47189899987643,17088,32,1
1779643523.0130093,SPHINCS,SPHINCS+-SHA2-128f-simple,pqc,21,0.27089100012744893,5.7995829997707915,0.4519449998952041,17088,32,1
1779643523.0198498,SPHINCS,SPHINCS+-SHA2-128f-simple,pqc,22,0.24928299990278902,6.001206000291859,0.5045500001870096,17088,32,1
1779643523.0262878,SPHINCS,SPHINCS+-SHA2-128f-simple,pqc,23,0.2681890000530984,5.6791669999256555,0.43504999985088944,17088,32,1
1779643523.0329654,SPHINCS,SPHINCS+-SHA2-128f-simple,pqc,24,0.24355000005016336,5.935687000146572,0.4575789998852997,17088,32,1
1779643523.039879,SPHINCS,SPHINCS+-SHA2-128f-simple,pqc,25,0.2598230003059143,6.115053999565134,0.502799999594572,17088,32,1
1779643523.0468316,SPHINCS,SPHINCS+-SHA2-128f-simple,pqc,26,0.2683530001377221,6.183900999985781,0.46424499987551826,17088,32,1
1779643523.0537481,SPHINCS,SPHINCS+-SHA2-128f-simple,pqc,27,0.2612349999253638,6.127225999989605,0.49883399969985476,17088,32,1
1779643523.060794,SPHINCS,SPHINCS+-SHA2-128f-simple,pqc,28,0.2646180000738241,6.239791999632871,0.5087640001875116,17088,32,1
1779643523.0677228,SPHINCS,SPHINCS+-SHA2-128f-simple,pqc,29,0.2789459999803512,6.125985999915429,0.487299999804236,17088,32,1
1779643523.0747755,SPHINCS,SPHINCS+-SHA2-128f-simple,pqc,30,0.27520599996933015,6.273530000271421,0.4745070000353735,17088,32,1
1779643523.0821977,SPHINCS,SPHINCS+-SHA2-128f-simple,pqc,31,0.35997499981021974,6.4400670003124105,0.48084599984576926,17088,32,1
1779643523.0892391,SPHINCS,SPHINCS+-SHA2-128f-simple,pqc,32,0.2649970001584734,6.248417999813682,0.44681400004265015,17088,32,1
1779643523.0958996,SPHINCS,SPHINCS+-SHA2-128f-simple,pqc,33,0.2612100001897488,5.910952000249381,0.41874900034599705,17088,32,1
1779643523.1024556,SPHINCS,SPHINCS+-SHA2-128f-simple,pqc,34,0.252063000061753,5.799066000236053,0.45336099992709933,17088,32,1
1779643523.1094155,SPHINCS,SPHINCS+-SHA2-128f-simple,pqc,35,0.26630000002114684,6.174368999836588,0.46960999998191255,17088,32,1
1779643523.1169844,SPHINCS,SPHINCS+-SHA2-128f-simple,pqc,36,0.27831999977934174,6.768705000013142,0.48431899995193817,17088,32,1
1779643523.124089,SPHINCS,SPHINCS+-SHA2-128f-simple,pqc,37,0.27809999983219313,6.237371999759489,0.5146819999026775,17088,32,1
1779643523.1315746,SPHINCS,SPHINCS+-SHA2-128f-simple,pqc,38,0.2871080000659276,6.672370000160299,0.46998300013001426,17088,32,1
1779643523.1385016,SPHINCS,SPHINCS+-SHA2-128f-simple,pqc,39,0.2577430000201275,6.168088000322314,0.46103700015009963,17088,32,1
1779643523.1452074,SPHINCS,SPHINCS+-SHA2-128f-simple,pqc,40,0.2564720002737886,5.959074999736913,0.4600969996317872,17088,32,1
1779643523.1518347,SPHINCS,SPHINCS+-SHA2-128f-simple,pqc,41,0.2601999999569671,5.805925999993633,0.46452800006591133,17088,32,1
1779643523.15866,SPHINCS,SPHINCS+-SHA2-128f-simple,pqc,42,0.25251800025216653,6.058443999791052,0.4825640003218723,17088,32,1
1779643523.165616,SPHINCS,SPHINCS+-SHA2-128f-simple,pqc,43,0.2622810002321785,6.1833820000174455,0.4845969997404609,17088,32,1
1779643523.1726134,SPHINCS,SPHINCS+-SHA2-128f-simple,pqc,44,0.2670509998097259,6.236150999939127,0.4669800000556279,17088,32,1
1779643523.179493,SPHINCS,SPHINCS+-SHA2-128f-simple,pqc,45,0.26166499992541503,6.107365999923786,0.4845729999942705,17088,32,1
1779643523.186319,SPHINCS,SPHINCS+-SHA2-128f-simple,pqc,46,0.2658729999893694,5.994894000195927,0.47635999999329215,17088,32,1
1779643523.1931574,SPHINCS,SPHINCS+-SHA2-128f-simple,pqc,47,0.26186500008407165,6.092361999890272,0.4572990001179278,17088,32,1
1779643523.2000258,SPHINCS,SPHINCS+-SHA2-128f-simple,pqc,48,0.2636209997035621,6.0986589996900875,0.4790039997715212,17088,32,1
1779643523.2069056,SPHINCS,SPHINCS+-SHA2-128f-simple,pqc,49,0.26085900026373565,6.107043999691086,0.4844079999202222,17088,32,1
1779643523.2138412,SPHINCS,SPHINCS+-SHA2-128f-simple,pqc,50,0.27690100023392006,6.1683959997935744,0.457859000107419,17088,32,1
